[
    {
        "model": "admin.logentry",
        "pk": 1,
        "fields": {
            "action_time": "2024-12-07T14:54:17.947Z",
            "user": 1,
            "content_type": 7,
            "object_id": "1",
            "object_repr": "Category object (1)",
            "action_flag": 1,
            "change_message": "[{\"added\": {}}]"
        }
    },
    {
        "model": "admin.logentry",
        "pk": 2,
        "fields": {
            "action_time": "2024-12-07T14:54:55.260Z",
            "user": 1,
            "content_type": 7,
            "object_id": "2",
            "object_repr": "Category object (2)",
            "action_flag": 1,
            "change_message": "[{\"added\": {}}]"
        }
    },
    {
        "model": "admin.logentry",
        "pk": 3,
        "fields": {
            "action_time": "2024-12-07T14:56:00.156Z",
            "user": 1,
            "content_type": 7,
            "object_id": "3",
            "object_repr": "Изображения",
            "action_flag": 1,
            "change_message": "[{\"added\": {}}]"
        }
    },
    {
        "model": "admin.logentry",
        "pk": 4,
        "fields": {
            "action_time": "2024-12-07T14:56:03.583Z",
            "user": 1,
            "content_type": 8,
            "object_id": "1",
            "object_repr": "Формат jpg",
            "action_flag": 1,
            "change_message": "[{\"added\": {}}]"
        }
    },
    {
        "model": "admin.logentry",
        "pk": 5,
        "fields": {
            "action_time": "2024-12-07T15:03:56.949Z",
            "user": 1,
            "content_type": 7,
            "object_id": "4",
            "object_repr": "Звук",
            "action_flag": 1,
            "change_message": "[{\"added\": {}}]"
        }
    },
    {
        "model": "admin.logentry",
        "pk": 6,
        "fields": {
            "action_time": "2024-12-07T15:03:59.449Z",
            "user": 1,
            "content_type": 8,
            "object_id": "2",
            "object_repr": "Дескредитация и квантование аудиосигнала",
            "action_flag": 1,
            "change_message": "[{\"added\": {}}]"
        }
    },
    {
        "model": "admin.logentry",
        "pk": 7,
        "fields": {
            "action_time": "2024-12-07T15:04:31.451Z",
            "user": 1,
            "content_type": 8,
            "object_id": "3",
            "object_repr": "Изображение в компьютере",
            "action_flag": 1,
            "change_message": "[{\"added\": {}}]"
        }
    },
    {
        "model": "admin.logentry",
        "pk": 8,
        "fields": {
            "action_time": "2024-12-07T15:05:10.275Z",
            "user": 1,
            "content_type": 7,
            "object_id": "5",
            "object_repr": "Базы данных",
            "action_flag": 1,
            "change_message": "[{\"added\": {}}]"
        }
    },
    {
        "model": "admin.logentry",
        "pk": 9,
        "fields": {
            "action_time": "2024-12-07T15:05:16.796Z",
            "user": 1,
            "content_type": 8,
            "object_id": "4",
            "object_repr": "Иерархическая база данных",
            "action_flag": 1,
            "change_message": "[{\"added\": {}}]"
        }
    },
    {
        "model": "admin.logentry",
        "pk": 10,
        "fields": {
            "action_time": "2024-12-07T15:05:53.645Z",
            "user": 1,
            "content_type": 8,
            "object_id": "5",
            "object_repr": "Формат изображения BMP",
            "action_flag": 1,
            "change_message": "[{\"added\": {}}]"
        }
    },
    {
        "model": "admin.logentry",
        "pk": 11,
        "fields": {
            "action_time": "2024-12-07T15:06:25.791Z",
            "user": 1,
            "content_type": 8,
            "object_id": "6",
            "object_repr": "Формат файла wav",
            "action_flag": 1,
            "change_message": "[{\"added\": {}}]"
        }
    },
    {
        "model": "admin.logentry",
        "pk": 12,
        "fields": {
            "action_time": "2024-12-07T15:07:59.719Z",
            "user": 1,
            "content_type": 8,
            "object_id": "7",
            "object_repr": "Получение сэмплов с микрофона",
            "action_flag": 1,
            "change_message": "[{\"added\": {}}]"
        }
    },
    {
        "model": "admin.logentry",
        "pk": 13,
        "fields": {
            "action_time": "2024-12-08T06:57:14.813Z",
            "user": 1,
            "content_type": 8,
            "object_id": "1",
            "object_repr": "Формат jpg",
            "action_flag": 2,
            "change_message": "[{\"changed\": {\"fields\": [\"\\u041e\\u0441\\u043d\\u043e\\u0432\\u043d\\u043e\\u0439 \\u0442\\u0435\\u043a\\u0441\\u0442\"]}}]"
        }
    },
    {
        "model": "admin.logentry",
        "pk": 14,
        "fields": {
            "action_time": "2024-12-08T06:59:27.767Z",
            "user": 1,
            "content_type": 7,
            "object_id": "6",
            "object_repr": "django",
            "action_flag": 1,
            "change_message": "[{\"added\": {}}]"
        }
    },
    {
        "model": "admin.logentry",
        "pk": 15,
        "fields": {
            "action_time": "2024-12-08T07:02:14.268Z",
            "user": 1,
            "content_type": 8,
            "object_id": "9",
            "object_repr": "Удобный visiwig редактор для TextField Django c загрузкой изображений",
            "action_flag": 1,
            "change_message": "[{\"added\": {}}]"
        }
    },
    {
        "model": "admin.logentry",
        "pk": 16,
        "fields": {
            "action_time": "2024-12-08T07:37:11.203Z",
            "user": 1,
            "content_type": 8,
            "object_id": "8",
            "object_repr": "test",
            "action_flag": 2,
            "change_message": "[{\"changed\": {\"fields\": [\"\\u041e\\u0441\\u043d\\u043e\\u0432\\u043d\\u043e\\u0439 \\u0442\\u0435\\u043a\\u0441\\u0442\"]}}]"
        }
    },
    {
        "model": "admin.logentry",
        "pk": 17,
        "fields": {
            "action_time": "2024-12-08T14:07:04.832Z",
            "user": 1,
            "content_type": 7,
            "object_id": "7",
            "object_repr": "Умный дом",
            "action_flag": 1,
            "change_message": "[{\"added\": {}}]"
        }
    },
    {
        "model": "admin.logentry",
        "pk": 18,
        "fields": {
            "action_time": "2024-12-08T14:07:17.242Z",
            "user": 1,
            "content_type": 7,
            "object_id": "8",
            "object_repr": "Теплоэффективность",
            "action_flag": 1,
            "change_message": "[{\"added\": {}}]"
        }
    },
    {
        "model": "admin.logentry",
        "pk": 19,
        "fields": {
            "action_time": "2024-12-08T14:07:21.716Z",
            "user": 1,
            "content_type": 8,
            "object_id": "10",
            "object_repr": "Сравнительная стоимость теплоносителей для частного дома",
            "action_flag": 1,
            "change_message": "[{\"added\": {}}]"
        }
    },
    {
        "model": "admin.logentry",
        "pk": 20,
        "fields": {
            "action_time": "2024-12-08T14:28:49.608Z",
            "user": 1,
            "content_type": 9,
            "object_id": "1",
            "object_repr": "Главная",
            "action_flag": 1,
            "change_message": "[{\"added\": {}}]"
        }
    },
    {
        "model": "admin.logentry",
        "pk": 21,
        "fields": {
            "action_time": "2024-12-08T14:29:14.706Z",
            "user": 1,
            "content_type": 9,
            "object_id": "2",
            "object_repr": "Блог",
            "action_flag": 1,
            "change_message": "[{\"added\": {}}]"
        }
    },
    {
        "model": "admin.logentry",
        "pk": 22,
        "fields": {
            "action_time": "2024-12-08T14:32:06.440Z",
            "user": 1,
            "content_type": 9,
            "object_id": "3",
            "object_repr": "Читаю",
            "action_flag": 1,
            "change_message": "[{\"added\": {}}]"
        }
    },
    {
        "model": "admin.logentry",
        "pk": 23,
        "fields": {
            "action_time": "2024-12-08T14:32:53.060Z",
            "user": 1,
            "content_type": 9,
            "object_id": "4",
            "object_repr": "Проекты",
            "action_flag": 1,
            "change_message": "[{\"added\": {}}]"
        }
    },
    {
        "model": "admin.logentry",
        "pk": 24,
        "fields": {
            "action_time": "2024-12-08T14:33:53.740Z",
            "user": 1,
            "content_type": 9,
            "object_id": "5",
            "object_repr": "Обо мне",
            "action_flag": 1,
            "change_message": "[{\"added\": {}}]"
        }
    },
    {
        "model": "admin.logentry",
        "pk": 25,
        "fields": {
            "action_time": "2024-12-08T14:52:18.988Z",
            "user": 1,
            "content_type": 9,
            "object_id": "6",
            "object_repr": "Услуги",
            "action_flag": 1,
            "change_message": "[{\"added\": {}}]"
        }
    },
    {
        "model": "admin.logentry",
        "pk": 26,
        "fields": {
            "action_time": "2024-12-09T04:45:01.833Z",
            "user": 1,
            "content_type": 13,
            "object_id": "1",
            "object_repr": "Догадин Н.Б.",
            "action_flag": 1,
            "change_message": "[{\"added\": {}}]"
        }
    },
    {
        "model": "admin.logentry",
        "pk": 27,
        "fields": {
            "action_time": "2024-12-09T04:49:42.863Z",
            "user": 1,
            "content_type": 14,
            "object_id": "1",
            "object_repr": "Специальная литература",
            "action_flag": 1,
            "change_message": "[{\"added\": {}}]"
        }
    },
    {
        "model": "admin.logentry",
        "pk": 28,
        "fields": {
            "action_time": "2024-12-09T04:49:49.924Z",
            "user": 1,
            "content_type": 11,
            "object_id": "1",
            "object_repr": "основы радиотехники",
            "action_flag": 1,
            "change_message": "[{\"added\": {}}]"
        }
    },
    {
        "model": "admin.logentry",
        "pk": 29,
        "fields": {
            "action_time": "2024-12-09T04:58:34.812Z",
            "user": 1,
            "content_type": 12,
            "object_id": "7fed383f-2235-4999-8c66-2c52daf9bac6",
            "object_repr": "7fed383f-2235-4999-8c66-2c52daf9bac6 (основы радиотехники)",
            "action_flag": 1,
            "change_message": "[{\"added\": {}}]"
        }
    },
    {
        "model": "admin.logentry",
        "pk": 30,
        "fields": {
            "action_time": "2024-12-09T05:12:08.842Z",
            "user": 1,
            "content_type": 13,
            "object_id": "2",
            "object_repr": "Френкель Эдуард",
            "action_flag": 1,
            "change_message": "[{\"added\": {}}]"
        }
    },
    {
        "model": "admin.logentry",
        "pk": 31,
        "fields": {
            "action_time": "2024-12-09T05:16:34.498Z",
            "user": 1,
            "content_type": 11,
            "object_id": "2",
            "object_repr": "Любовь и математика. Сердце скрытой реальности.",
            "action_flag": 1,
            "change_message": "[{\"added\": {}}]"
        }
    },
    {
        "model": "admin.logentry",
        "pk": 32,
        "fields": {
            "action_time": "2024-12-09T08:21:20.960Z",
            "user": 1,
            "content_type": 12,
            "object_id": "6dd51d8b-a924-429a-989a-dae4f12f8999",
            "object_repr": "6dd51d8b-a924-429a-989a-dae4f12f8999 (Любовь и математика. Сердце скрытой реальности.)",
            "action_flag": 1,
            "change_message": "[{\"added\": {}}]"
        }
    },
    {
        "model": "admin.logentry",
        "pk": 33,
        "fields": {
            "action_time": "2024-12-09T08:33:11.024Z",
            "user": 1,
            "content_type": 13,
            "object_id": "3",
            "object_repr": "Эббинхауз Г.-Д., Якобс К., Ман Ф.-К. Хермес Г.",
            "action_flag": 1,
            "change_message": "[{\"added\": {}}]"
        }
    },
    {
        "model": "admin.logentry",
        "pk": 34,
        "fields": {
            "action_time": "2024-12-09T08:38:35.357Z",
            "user": 1,
            "content_type": 14,
            "object_id": "2",
            "object_repr": "Математика",
            "action_flag": 1,
            "change_message": "[{\"added\": {}}]"
        }
    },
    {
        "model": "admin.logentry",
        "pk": 35,
        "fields": {
            "action_time": "2024-12-09T08:38:37.937Z",
            "user": 1,
            "content_type": 11,
            "object_id": "3",
            "object_repr": "Машины Тьюринга и рекурсивные функции",
            "action_flag": 1,
            "change_message": "[{\"added\": {}}]"
        }
    },
    {
        "model": "admin.logentry",
        "pk": 36,
        "fields": {
            "action_time": "2024-12-09T08:39:43.550Z",
            "user": 1,
            "content_type": 12,
            "object_id": "540d3f09-7368-4bde-9b85-6e246bb40fda",
            "object_repr": "540d3f09-7368-4bde-9b85-6e246bb40fda (Машины Тьюринга и рекурсивные функции)",
            "action_flag": 1,
            "change_message": "[{\"added\": {}}]"
        }
    },
    {
        "model": "admin.logentry",
        "pk": 37,
        "fields": {
            "action_time": "2024-12-09T09:49:44.785Z",
            "user": 1,
            "content_type": 13,
            "object_id": "4",
            "object_repr": "Korites B.J.",
            "action_flag": 1,
            "change_message": "[{\"added\": {}}]"
        }
    },
    {
        "model": "admin.logentry",
        "pk": 38,
        "fields": {
            "action_time": "2024-12-09T09:53:52.899Z",
            "user": 1,
            "content_type": 14,
            "object_id": "3",
            "object_repr": "Информатика",
            "action_flag": 1,
            "change_message": "[{\"added\": {}}]"
        }
    },
    {
        "model": "admin.logentry",
        "pk": 39,
        "fields": {
            "action_time": "2024-12-09T09:53:55.755Z",
            "user": 1,
            "content_type": 11,
            "object_id": "4",
            "object_repr": "Python Graphics. A reference for creating 2D and 3D images",
            "action_flag": 1,
            "change_message": "[{\"added\": {}}]"
        }
    },
    {
        "model": "admin.logentry",
        "pk": 40,
        "fields": {
            "action_time": "2024-12-09T09:55:04.110Z",
            "user": 1,
            "content_type": 12,
            "object_id": "f12b9a3a-3f5f-46b4-8d69-67617caf1308",
            "object_repr": "f12b9a3a-3f5f-46b4-8d69-67617caf1308 (Python Graphics. A reference for creating 2D and 3D images)",
            "action_flag": 1,
            "change_message": "[{\"added\": {}}]"
        }
    },
    {
        "model": "admin.logentry",
        "pk": 41,
        "fields": {
            "action_time": "2024-12-09T10:05:36.111Z",
            "user": 1,
            "content_type": 13,
            "object_id": "5",
            "object_repr": "Анатолий Постолит",
            "action_flag": 1,
            "change_message": "[{\"added\": {}}]"
        }
    },
    {
        "model": "admin.logentry",
        "pk": 42,
        "fields": {
            "action_time": "2024-12-09T10:08:12.796Z",
            "user": 1,
            "content_type": 11,
            "object_id": "5",
            "object_repr": "Основы искусственного интеллекта в примерах на Python",
            "action_flag": 1,
            "change_message": "[{\"added\": {}}]"
        }
    },
    {
        "model": "admin.logentry",
        "pk": 43,
        "fields": {
            "action_time": "2024-12-09T10:09:41.446Z",
            "user": 1,
            "content_type": 12,
            "object_id": "038702fd-9553-4001-83f1-a31753b80580",
            "object_repr": "038702fd-9553-4001-83f1-a31753b80580 (Основы искусственного интеллекта в примерах на Python)",
            "action_flag": 1,
            "change_message": "[{\"added\": {}}]"
        }
    },
    {
        "model": "admin.logentry",
        "pk": 44,
        "fields": {
            "action_time": "2024-12-12T05:26:46.518Z",
            "user": 1,
            "content_type": 7,
            "object_id": "9",
            "object_repr": "Linux",
            "action_flag": 1,
            "change_message": "[{\"added\": {}}]"
        }
    },
    {
        "model": "admin.logentry",
        "pk": 45,
        "fields": {
            "action_time": "2024-12-12T05:26:49.688Z",
            "user": 1,
            "content_type": 8,
            "object_id": "11",
            "object_repr": "Каталог dev в Linux",
            "action_flag": 1,
            "change_message": "[{\"added\": {}}]"
        }
    },
    {
        "model": "admin.logentry",
        "pk": 46,
        "fields": {
            "action_time": "2024-12-12T06:15:17.044Z",
            "user": 1,
            "content_type": 8,
            "object_id": "12",
            "object_repr": "Python usb",
            "action_flag": 1,
            "change_message": "[{\"added\": {}}]"
        }
    },
    {
        "model": "admin.logentry",
        "pk": 47,
        "fields": {
            "action_time": "2024-12-13T09:35:28.517Z",
            "user": 1,
            "content_type": 15,
            "object_id": "1",
            "object_repr": "Сотворим вместе задания по электронике (https://sotvorimvmeste.ru/viewforum.php?f=9)",
            "action_flag": 1,
            "change_message": "[{\"added\": {}}]"
        }
    },
    {
        "model": "admin.logentry",
        "pk": 48,
        "fields": {
            "action_time": "2024-12-13T09:48:07.156Z",
            "user": 1,
            "content_type": 15,
            "object_id": "2",
            "object_repr": "Электронный конструктор, не бьющий током (https://habr.com/ru/companies/ruvds/articles/709384/)",
            "action_flag": 1,
            "change_message": "[{\"added\": {}}]"
        }
    },
    {
        "model": "admin.logentry",
        "pk": 49,
        "fields": {
            "action_time": "2024-12-13T09:49:55.838Z",
            "user": 1,
            "content_type": 15,
            "object_id": "3",
            "object_repr": "Полезные проекты от Алекса Гувера (https://kit.alexgyver.ru/tutorials/)",
            "action_flag": 1,
            "change_message": "[{\"added\": {}}]"
        }
    },
    {
        "model": "admin.logentry",
        "pk": 50,
        "fields": {
            "action_time": "2024-12-13T09:51:09.071Z",
            "user": 1,
            "content_type": 15,
            "object_id": "4",
            "object_repr": "Логические операции с битами от Алекса Гувера (https://alexgyver.ru/lessons/bitmath/)",
            "action_flag": 1,
            "change_message": "[{\"added\": {}}]"
        }
    },
    {
        "model": "admin.logentry",
        "pk": 51,
        "fields": {
            "action_time": "2024-12-13T09:54:39.706Z",
            "user": 1,
            "content_type": 13,
            "object_id": "6",
            "object_repr": "Jan Axelson",
            "action_flag": 1,
            "change_message": "[{\"added\": {}}]"
        }
    },
    {
        "model": "admin.logentry",
        "pk": 52,
        "fields": {
            "action_time": "2024-12-13T09:56:33.470Z",
            "user": 1,
            "content_type": 14,
            "object_id": "4",
            "object_repr": "Аппаратное обеспечение",
            "action_flag": 1,
            "change_message": "[{\"added\": {}}]"
        }
    },
    {
        "model": "admin.logentry",
        "pk": 53,
        "fields": {
            "action_time": "2024-12-13T09:56:35.992Z",
            "user": 1,
            "content_type": 11,
            "object_id": "6",
            "object_repr": "USB Complete (2nd Edition)",
            "action_flag": 1,
            "change_message": "[{\"added\": {}}]"
        }
    },
    {
        "model": "admin.logentry",
        "pk": 54,
        "fields": {
            "action_time": "2024-12-13T09:57:57.211Z",
            "user": 1,
            "content_type": 12,
            "object_id": "33affcc7-90bb-4e8f-8c40-fec9faa57506",
            "object_repr": "33affcc7-90bb-4e8f-8c40-fec9faa57506 (USB Complete (2nd Edition))",
            "action_flag": 1,
            "change_message": "[{\"added\": {}}]"
        }
    },
    {
        "model": "admin.logentry",
        "pk": 55,
        "fields": {
            "action_time": "2024-12-13T10:00:13.093Z",
            "user": 1,
            "content_type": 13,
            "object_id": "7",
            "object_repr": "Бурлянд В.А.",
            "action_flag": 1,
            "change_message": "[{\"added\": {}}]"
        }
    },
    {
        "model": "admin.logentry",
        "pk": 56,
        "fields": {
            "action_time": "2024-12-13T10:02:27.976Z",
            "user": 1,
            "content_type": 14,
            "object_id": "5",
            "object_repr": "Радиоэлектроника",
            "action_flag": 1,
            "change_message": "[{\"added\": {}}]"
        }
    },
    {
        "model": "admin.logentry",
        "pk": 57,
        "fields": {
            "action_time": "2024-12-13T10:02:30.500Z",
            "user": 1,
            "content_type": 11,
            "object_id": "7",
            "object_repr": "Хрестоматия радиолюбителя",
            "action_flag": 1,
            "change_message": "[{\"added\": {}}]"
        }
    },
    {
        "model": "admin.logentry",
        "pk": 58,
        "fields": {
            "action_time": "2024-12-13T10:03:09.090Z",
            "user": 1,
            "content_type": 12,
            "object_id": "d184b1d9-41e5-4387-bd72-0d2fa70c5a17",
            "object_repr": "d184b1d9-41e5-4387-bd72-0d2fa70c5a17 (Хрестоматия радиолюбителя)",
            "action_flag": 1,
            "change_message": "[{\"added\": {}}]"
        }
    },
    {
        "model": "admin.logentry",
        "pk": 59,
        "fields": {
            "action_time": "2024-12-13T10:04:40.772Z",
            "user": 1,
            "content_type": 15,
            "object_id": "5",
            "object_repr": "USB in a NutShell - путеводитель по стандарту USB (https://microsin.net/programming/arm-working-with-usb/usb-in-a-nutshell-part1.html)",
            "action_flag": 1,
            "change_message": "[{\"added\": {}}]"
        }
    },
    {
        "model": "admin.logentry",
        "pk": 60,
        "fields": {
            "action_time": "2024-12-13T10:09:37.461Z",
            "user": 1,
            "content_type": 15,
            "object_id": "6",
            "object_repr": "libusb library (https://libusb.info/)",
            "action_flag": 1,
            "change_message": "[{\"added\": {}}]"
        }
    },
    {
        "model": "admin.logentry",
        "pk": 61,
        "fields": {
            "action_time": "2024-12-13T10:12:42.959Z",
            "user": 1,
            "content_type": 15,
            "object_id": "7",
            "object_repr": "Программирование с PyUSB 1.0 (https://habr.com/ru/articles/430528/)",
            "action_flag": 1,
            "change_message": "[{\"added\": {}}]"
        }
    },
    {
        "model": "admin.logentry",
        "pk": 62,
        "fields": {
            "action_time": "2024-12-13T10:16:05.346Z",
            "user": 1,
            "content_type": 15,
            "object_id": "8",
            "object_repr": "pyusb manual github (https://github.com/pyusb/pyusb/blob/master/docs/tutorial.rst)",
            "action_flag": 1,
            "change_message": "[{\"added\": {}}]"
        }
    },
    {
        "model": "admin.logentry",
        "pk": 63,
        "fields": {
            "action_time": "2024-12-13T10:20:18.101Z",
            "user": 1,
            "content_type": 15,
            "object_id": "9",
            "object_repr": "Отличный портал для изучения языков от Сергея Балакирева (https://proproprogs.ru/index.php)",
            "action_flag": 1,
            "change_message": "[{\"added\": {}}]"
        }
    },
    {
        "model": "admin.logentry",
        "pk": 64,
        "fields": {
            "action_time": "2024-12-13T10:22:35.823Z",
            "user": 1,
            "content_type": 15,
            "object_id": "10",
            "object_repr": "Resources for Developers, by Developers (https://developer.mozilla.org/ru/)",
            "action_flag": 1,
            "change_message": "[{\"added\": {}}]"
        }
    },
    {
        "model": "admin.logentry",
        "pk": 65,
        "fields": {
            "action_time": "2024-12-13T10:24:36.553Z",
            "user": 1,
            "content_type": 15,
            "object_id": "11",
            "object_repr": "Декодируем JPEG-изображение с помощью Python (https://habr.com/ru/companies/vk/articles/512004/)",
            "action_flag": 1,
            "change_message": "[{\"added\": {}}]"
        }
    },
    {
        "model": "admin.logentry",
        "pk": 66,
        "fields": {
            "action_time": "2024-12-13T10:26:05.009Z",
            "user": 1,
            "content_type": 15,
            "object_id": "12",
            "object_repr": "Изобретаем JPEG (https://habr.com/ru/articles/206264/)",
            "action_flag": 1,
            "change_message": "[{\"added\": {}}]"
        }
    },
    {
        "model": "admin.logentry",
        "pk": 67,
        "fields": {
            "action_time": "2024-12-13T13:35:40.466Z",
            "user": 1,
            "content_type": 15,
            "object_id": "13",
            "object_repr": "rtsp to mjpeg (https://github.com/eroji/rtsp2mjpg)",
            "action_flag": 1,
            "change_message": "[{\"added\": {}}]"
        }
    },
    {
        "model": "admin.logentry",
        "pk": 68,
        "fields": {
            "action_time": "2024-12-13T13:37:10.076Z",
            "user": 1,
            "content_type": 15,
            "object_id": "14",
            "object_repr": "захват видео с сетевых камер (https://habr.com/ru/articles/115808/)",
            "action_flag": 1,
            "change_message": "[{\"added\": {}}]"
        }
    },
    {
        "model": "admin.logentry",
        "pk": 69,
        "fields": {
            "action_time": "2024-12-13T13:37:46.289Z",
            "user": 1,
            "content_type": 15,
            "object_id": "15",
            "object_repr": "Работа с видеофайлами с помощью Python (https://codeby.net/threads/rabota-s-videofajlami-s-pomoschju-python.80169/)",
            "action_flag": 1,
            "change_message": "[{\"added\": {}}]"
        }
    },
    {
        "model": "admin.logentry",
        "pk": 70,
        "fields": {
            "action_time": "2024-12-13T13:43:35.241Z",
            "user": 1,
            "content_type": 15,
            "object_id": "16",
            "object_repr": "Проигрыватель для очень медленного воспроизведения видеофайл (https://habr.com/ru/companies/ruvds/articles/546044/)",
            "action_flag": 1,
            "change_message": "[{\"added\": {}}]"
        }
    },
    {
        "model": "admin.logentry",
        "pk": 71,
        "fields": {
            "action_time": "2024-12-13T13:45:45.518Z",
            "user": 1,
            "content_type": 15,
            "object_id": "17",
            "object_repr": "Извлекаем метаданные из фото, аудио и видео файлов с помощью (https://codeby.net/threads/izvlekaem-metadannye-iz-foto-audio-i-video-fajlov-s-pomoschju-python.80200/)",
            "action_flag": 1,
            "change_message": "[{\"added\": {}}]"
        }
    },
    {
        "model": "admin.logentry",
        "pk": 72,
        "fields": {
            "action_time": "2024-12-13T14:03:21.335Z",
            "user": 1,
            "content_type": 15,
            "object_id": "18",
            "object_repr": "Блог программиста (https://jenyay.net/blog/)",
            "action_flag": 1,
            "change_message": "[{\"added\": {}}]"
        }
    },
    {
        "model": "admin.logentry",
        "pk": 73,
        "fields": {
            "action_time": "2024-12-13T14:03:53.013Z",
            "user": 1,
            "content_type": 15,
            "object_id": "19",
            "object_repr": "Формат файла BMP (https://jenyay.net/Programming/Bmp)",
            "action_flag": 1,
            "change_message": "[{\"added\": {}}]"
        }
    },
    {
        "model": "admin.logentry",
        "pk": 74,
        "fields": {
            "action_time": "2024-12-13T14:04:48.153Z",
            "user": 1,
            "content_type": 15,
            "object_id": "20",
            "object_repr": "Формат звуковых файлов WAV (https://radioprog.ru/post/1025#p1025_img01)",
            "action_flag": 1,
            "change_message": "[{\"added\": {}}]"
        }
    },
    {
        "model": "admin.logentry",
        "pk": 75,
        "fields": {
            "action_time": "2024-12-13T14:06:37.264Z",
            "user": 1,
            "content_type": 15,
            "object_id": "21",
            "object_repr": "Полезный сайт (http://RadioProg.RU)",
            "action_flag": 1,
            "change_message": "[{\"added\": {}}]"
        }
    },
    {
        "model": "admin.logentry",
        "pk": 76,
        "fields": {
            "action_time": "2024-12-13T14:07:41.442Z",
            "user": 1,
            "content_type": 15,
            "object_id": "22",
            "object_repr": "Создание видео из изображений OpenCV в Python Источник: http (https://tonais.ru/library/sozdanie-video-iz-izobrazheniy-opencv-v-python)",
            "action_flag": 1,
            "change_message": "[{\"added\": {}}]"
        }
    },
    {
        "model": "admin.logentry",
        "pk": 77,
        "fields": {
            "action_time": "2024-12-13T14:08:33.544Z",
            "user": 1,
            "content_type": 15,
            "object_id": "23",
            "object_repr": "Работа с изображениями на Python (https://habr.com/ru/companies/oleg-bunin/articles/425471/)",
            "action_flag": 1,
            "change_message": "[{\"added\": {}}]"
        }
    },
    {
        "model": "admin.logentry",
        "pk": 78,
        "fields": {
            "action_time": "2024-12-13T14:10:35.442Z",
            "user": 1,
            "content_type": 15,
            "object_id": "24",
            "object_repr": "Структура WAV файла (https://audiocoding.cc/articles/2008-05-22-wav-file-structure/)",
            "action_flag": 1,
            "change_message": "[{\"added\": {}}]"
        }
    },
    {
        "model": "admin.logentry",
        "pk": 79,
        "fields": {
            "action_time": "2024-12-13T14:11:57.777Z",
            "user": 1,
            "content_type": 15,
            "object_id": "25",
            "object_repr": "audiocoding (https://audiocoding.cc/)",
            "action_flag": 1,
            "change_message": "[{\"added\": {}}]"
        }
    },
    {
        "model": "admin.logentry",
        "pk": 80,
        "fields": {
            "action_time": "2024-12-14T10:29:53.450Z",
            "user": 1,
            "content_type": 15,
            "object_id": "26",
            "object_repr": "Ранние подходы к организации БД. (https://citforum.ru/database/osbd/glava_9.shtml)",
            "action_flag": 1,
            "change_message": "[{\"added\": {}}]"
        }
    },
    {
        "model": "admin.logentry",
        "pk": 81,
        "fields": {
            "action_time": "2024-12-14T10:41:08.578Z",
            "user": 1,
            "content_type": 15,
            "object_id": "27",
            "object_repr": "База данных Access Авиалинии (https://accesshelp.ru/baza-dannyh-access-avialinii/)",
            "action_flag": 1,
            "change_message": "[{\"added\": {}}]"
        }
    },
    {
        "model": "admin.logentry",
        "pk": 82,
        "fields": {
            "action_time": "2024-12-14T10:47:30.002Z",
            "user": 1,
            "content_type": 15,
            "object_id": "28",
            "object_repr": "Введение в реляционные базы данных (https://intuit.ru/studies/courses/74/74/lecture/27901)",
            "action_flag": 1,
            "change_message": "[{\"added\": {}}]"
        }
    },
    {
        "model": "admin.logentry",
        "pk": 83,
        "fields": {
            "action_time": "2024-12-14T10:48:39.462Z",
            "user": 1,
            "content_type": 15,
            "object_id": "29",
            "object_repr": "SQL запросы быстро. Часть 1 (https://habr.com/ru/articles/480838/)",
            "action_flag": 1,
            "change_message": "[{\"added\": {}}]"
        }
    },
    {
        "model": "admin.logentry",
        "pk": 84,
        "fields": {
            "action_time": "2024-12-14T10:50:32.500Z",
            "user": 1,
            "content_type": 15,
            "object_id": "30",
            "object_repr": "Введение в БПЛА (https://lectoriy.2035.university/collection/Pogrujenie-v-BPL)",
            "action_flag": 1,
            "change_message": "[{\"added\": {}}]"
        }
    },
    {
        "model": "admin.logentry",
        "pk": 85,
        "fields": {
            "action_time": "2024-12-14T10:52:08.381Z",
            "user": 1,
            "content_type": 15,
            "object_id": "31",
            "object_repr": "15 баз данных, где можно найти практически все (https://changellenge.com/article/15-baz-dannykh-gde-mozhno-nayti-prakticheski-vse/)",
            "action_flag": 1,
            "change_message": "[{\"added\": {}}]"
        }
    },
    {
        "model": "admin.logentry",
        "pk": 86,
        "fields": {
            "action_time": "2024-12-14T16:13:24.445Z",
            "user": 1,
            "content_type": 15,
            "object_id": "32",
            "object_repr": "fpv drone sites (https://www.getfpv.com/learn/new-to-fpv/all-about-multirotor-drone-fpv-video-transmitter/)",
            "action_flag": 1,
            "change_message": "[{\"added\": {}}]"
        }
    },
    {
        "model": "admin.logentry",
        "pk": 87,
        "fields": {
            "action_time": "2024-12-14T16:23:57.953Z",
            "user": 1,
            "content_type": 15,
            "object_id": "33",
            "object_repr": "sdr rtl (https://www.rtl-sdr.com/scanning-spectrum-8ghz-per-second-new-hackrf-update/)",
            "action_flag": 1,
            "change_message": "[{\"added\": {}}]"
        }
    },
    {
        "model": "admin.logentry",
        "pk": 88,
        "fields": {
            "action_time": "2024-12-15T00:43:48.884Z",
            "user": 1,
            "content_type": 15,
            "object_id": "34",
            "object_repr": "Аналого-цифровое преобразование для начинающих (https://habr.com/ru/articles/125029/)",
            "action_flag": 1,
            "change_message": "[{\"added\": {}}]"
        }
    },
    {
        "model": "admin.logentry",
        "pk": 89,
        "fields": {
            "action_time": "2024-12-15T00:54:23.706Z",
            "user": 1,
            "content_type": 15,
            "object_id": "35",
            "object_repr": "Обработка больших файлов с использованием Python (https://dev-gang.ru/article/obrabotka-bolshih-failov-s-ispolzovaniem-python-8btakx0nzr/)",
            "action_flag": 1,
            "change_message": "[{\"added\": {}}]"
        }
    },
    {
        "model": "admin.logentry",
        "pk": 90,
        "fields": {
            "action_time": "2024-12-15T01:00:45.227Z",
            "user": 1,
            "content_type": 15,
            "object_id": "36",
            "object_repr": "Потоко-безопасные очереди FIFO, LIFO и очереди с приотитетом (https://docs-python.ru/standart-library/modul-queue-python/)",
            "action_flag": 1,
            "change_message": "[{\"added\": {}}]"
        }
    },
    {
        "model": "admin.logentry",
        "pk": 91,
        "fields": {
            "action_time": "2024-12-15T01:01:47.620Z",
            "user": 1,
            "content_type": 15,
            "object_id": "37",
            "object_repr": "Стандартные библиотеки Python3. (https://docs-python.ru/standart-library/)",
            "action_flag": 1,
            "change_message": "[{\"added\": {}}]"
        }
    },
    {
        "model": "admin.logentry",
        "pk": 92,
        "fields": {
            "action_time": "2024-12-15T01:03:54.058Z",
            "user": 1,
            "content_type": 13,
            "object_id": "8",
            "object_repr": "Бойко Б.П.",
            "action_flag": 1,
            "change_message": "[{\"added\": {}}]"
        }
    },
    {
        "model": "admin.logentry",
        "pk": 93,
        "fields": {
            "action_time": "2024-12-15T01:05:02.341Z",
            "user": 1,
            "content_type": 14,
            "object_id": "6",
            "object_repr": "Радиофизика",
            "action_flag": 1,
            "change_message": "[{\"added\": {}}]"
        }
    },
    {
        "model": "admin.logentry",
        "pk": 94,
        "fields": {
            "action_time": "2024-12-15T01:05:08.324Z",
            "user": 1,
            "content_type": 11,
            "object_id": "8",
            "object_repr": "СПЕКТР СИГНАЛА",
            "action_flag": 1,
            "change_message": "[{\"added\": {}}]"
        }
    },
    {
        "model": "admin.logentry",
        "pk": 95,
        "fields": {
            "action_time": "2024-12-15T01:06:27.501Z",
            "user": 1,
            "content_type": 12,
            "object_id": "8ab3b7fb-7b31-4073-8d60-86c23592ffcf",
            "object_repr": "8ab3b7fb-7b31-4073-8d60-86c23592ffcf (СПЕКТР СИГНАЛА)",
            "action_flag": 1,
            "change_message": "[{\"added\": {}}]"
        }
    },
    {
        "model": "admin.logentry",
        "pk": 96,
        "fields": {
            "action_time": "2024-12-15T01:07:28.075Z",
            "user": 1,
            "content_type": 15,
            "object_id": "38",
            "object_repr": "Структуры данных и алгоритмы в Python (https://teletype.in/@pythontalk/data_structures_algorithms)",
            "action_flag": 1,
            "change_message": "[{\"added\": {}}]"
        }
    },
    {
        "model": "admin.logentry",
        "pk": 97,
        "fields": {
            "action_time": "2024-12-15T07:06:28.221Z",
            "user": 1,
            "content_type": 15,
            "object_id": "39",
            "object_repr": "Практикум по компьютерным технологиям на Python (https://fadeevlecturer.github.io/python_lectures/notebooks/homework/1.html)",
            "action_flag": 1,
            "change_message": "[{\"added\": {}}]"
        }
    },
    {
        "model": "admin.logentry",
        "pk": 98,
        "fields": {
            "action_time": "2024-12-15T07:23:25.848Z",
            "user": 1,
            "content_type": 15,
            "object_id": "40",
            "object_repr": "Виртуальная файловая система— Python: Деревья (https://ru.hexlet.io/courses/python-trees/lessons/filetree/theory_unit)",
            "action_flag": 1,
            "change_message": "[{\"added\": {}}]"
        }
    },
    {
        "model": "admin.logentry",
        "pk": 99,
        "fields": {
            "action_time": "2024-12-15T07:30:17.317Z",
            "user": 1,
            "content_type": 15,
            "object_id": "41",
            "object_repr": "What Is A Hierarchical Data Model? | Definition And Examples (https://www.datamation.com/big-data/what-is-a-hierarchical-data-model-definition-and-examples/)",
            "action_flag": 1,
            "change_message": "[{\"added\": {}}]"
        }
    },
    {
        "model": "admin.logentry",
        "pk": 100,
        "fields": {
            "action_time": "2024-12-15T07:34:18.807Z",
            "user": 1,
            "content_type": 15,
            "object_id": "42",
            "object_repr": "дамп базы данных для примеров нормализации (https://github.com/hexlet-components/pg-dump-example)",
            "action_flag": 1,
            "change_message": "[{\"added\": {}}]"
        }
    },
    {
        "model": "admin.logentry",
        "pk": 101,
        "fields": {
            "action_time": "2024-12-15T07:36:17.696Z",
            "user": 1,
            "content_type": 15,
            "object_id": "43",
            "object_repr": "скрипты учебных БД, к которым адресуются запросы в упражнени (https://sql-ex.ru/db_script_download.php?Lang=0)",
            "action_flag": 1,
            "change_message": "[{\"added\": {}}]"
        }
    },
    {
        "model": "admin.logentry",
        "pk": 102,
        "fields": {
            "action_time": "2024-12-15T07:37:06.552Z",
            "user": 1,
            "content_type": 15,
            "object_id": "44",
            "object_repr": "Демонстрационная база данных (https://postgrespro.ru/education/demodb)",
            "action_flag": 1,
            "change_message": "[{\"added\": {}}]"
        }
    },
    {
        "model": "admin.logentry",
        "pk": 103,
        "fields": {
            "action_time": "2024-12-15T07:39:25.892Z",
            "user": 1,
            "content_type": 15,
            "object_id": "45",
            "object_repr": "Курс лекций «Основы цифровой обработки сигналов» (https://habr.com/ru/articles/460445/)",
            "action_flag": 1,
            "change_message": "[{\"added\": {}}]"
        }
    },
    {
        "model": "admin.logentry",
        "pk": 104,
        "fields": {
            "action_time": "2024-12-15T07:52:59.151Z",
            "user": 1,
            "content_type": 15,
            "object_id": "46",
            "object_repr": "This HTML version of Think DSP is provided for convenience (https://greenteapress.com/thinkdsp/html/thinkdsp002.html#sec6)",
            "action_flag": 1,
            "change_message": "[{\"added\": {}}]"
        }
    },
    {
        "model": "admin.logentry",
        "pk": 105,
        "fields": {
            "action_time": "2024-12-15T07:54:05.552Z",
            "user": 1,
            "content_type": 15,
            "object_id": "47",
            "object_repr": "Открытый курс машинного обучения. Тема 1. Первичный анализ д (https://habr.com/ru/companies/ods/articles/322626/)",
            "action_flag": 1,
            "change_message": "[{\"added\": {}}]"
        }
    },
    {
        "model": "admin.logentry",
        "pk": 106,
        "fields": {
            "action_time": "2024-12-15T07:55:11.568Z",
            "user": 1,
            "content_type": 15,
            "object_id": "48",
            "object_repr": "Перевод книги Linux From Scratch (https://book.linuxfromscratch.ru/)",
            "action_flag": 1,
            "change_message": "[{\"added\": {}}]"
        }
    },
    {
        "model": "admin.logentry",
        "pk": 107,
        "fields": {
            "action_time": "2024-12-15T07:56:11.050Z",
            "user": 1,
            "content_type": 15,
            "object_id": "49",
            "object_repr": "debian (https://www.debian.org/doc/manuals/debmake-doc/debmake-doc.ru.pdf)",
            "action_flag": 1,
            "change_message": "[{\"added\": {}}]"
        }
    },
    {
        "model": "admin.logentry",
        "pk": 108,
        "fields": {
            "action_time": "2024-12-15T07:57:45.880Z",
            "user": 1,
            "content_type": 15,
            "object_id": "50",
            "object_repr": "Linux для себя (https://lx4u.ru/rel/stable/)",
            "action_flag": 1,
            "change_message": "[{\"added\": {}}]"
        }
    },
    {
        "model": "auth.permission",
        "pk": 1,
        "fields": {
            "name": "Can add log entry",
            "content_type": 1,
            "codename": "add_logentry"
        }
    },
    {
        "model": "auth.permission",
        "pk": 2,
        "fields": {
            "name": "Can change log entry",
            "content_type": 1,
            "codename": "change_logentry"
        }
    },
    {
        "model": "auth.permission",
        "pk": 3,
        "fields": {
            "name": "Can delete log entry",
            "content_type": 1,
            "codename": "delete_logentry"
        }
    },
    {
        "model": "auth.permission",
        "pk": 4,
        "fields": {
            "name": "Can view log entry",
            "content_type": 1,
            "codename": "view_logentry"
        }
    },
    {
        "model": "auth.permission",
        "pk": 5,
        "fields": {
            "name": "Can add permission",
            "content_type": 2,
            "codename": "add_permission"
        }
    },
    {
        "model": "auth.permission",
        "pk": 6,
        "fields": {
            "name": "Can change permission",
            "content_type": 2,
            "codename": "change_permission"
        }
    },
    {
        "model": "auth.permission",
        "pk": 7,
        "fields": {
            "name": "Can delete permission",
            "content_type": 2,
            "codename": "delete_permission"
        }
    },
    {
        "model": "auth.permission",
        "pk": 8,
        "fields": {
            "name": "Can view permission",
            "content_type": 2,
            "codename": "view_permission"
        }
    },
    {
        "model": "auth.permission",
        "pk": 9,
        "fields": {
            "name": "Can add group",
            "content_type": 3,
            "codename": "add_group"
        }
    },
    {
        "model": "auth.permission",
        "pk": 10,
        "fields": {
            "name": "Can change group",
            "content_type": 3,
            "codename": "change_group"
        }
    },
    {
        "model": "auth.permission",
        "pk": 11,
        "fields": {
            "name": "Can delete group",
            "content_type": 3,
            "codename": "delete_group"
        }
    },
    {
        "model": "auth.permission",
        "pk": 12,
        "fields": {
            "name": "Can view group",
            "content_type": 3,
            "codename": "view_group"
        }
    },
    {
        "model": "auth.permission",
        "pk": 13,
        "fields": {
            "name": "Can add user",
            "content_type": 4,
            "codename": "add_user"
        }
    },
    {
        "model": "auth.permission",
        "pk": 14,
        "fields": {
            "name": "Can change user",
            "content_type": 4,
            "codename": "change_user"
        }
    },
    {
        "model": "auth.permission",
        "pk": 15,
        "fields": {
            "name": "Can delete user",
            "content_type": 4,
            "codename": "delete_user"
        }
    },
    {
        "model": "auth.permission",
        "pk": 16,
        "fields": {
            "name": "Can view user",
            "content_type": 4,
            "codename": "view_user"
        }
    },
    {
        "model": "auth.permission",
        "pk": 17,
        "fields": {
            "name": "Can add content type",
            "content_type": 5,
            "codename": "add_contenttype"
        }
    },
    {
        "model": "auth.permission",
        "pk": 18,
        "fields": {
            "name": "Can change content type",
            "content_type": 5,
            "codename": "change_contenttype"
        }
    },
    {
        "model": "auth.permission",
        "pk": 19,
        "fields": {
            "name": "Can delete content type",
            "content_type": 5,
            "codename": "delete_contenttype"
        }
    },
    {
        "model": "auth.permission",
        "pk": 20,
        "fields": {
            "name": "Can view content type",
            "content_type": 5,
            "codename": "view_contenttype"
        }
    },
    {
        "model": "auth.permission",
        "pk": 21,
        "fields": {
            "name": "Can add session",
            "content_type": 6,
            "codename": "add_session"
        }
    },
    {
        "model": "auth.permission",
        "pk": 22,
        "fields": {
            "name": "Can change session",
            "content_type": 6,
            "codename": "change_session"
        }
    },
    {
        "model": "auth.permission",
        "pk": 23,
        "fields": {
            "name": "Can delete session",
            "content_type": 6,
            "codename": "delete_session"
        }
    },
    {
        "model": "auth.permission",
        "pk": 24,
        "fields": {
            "name": "Can view session",
            "content_type": 6,
            "codename": "view_session"
        }
    },
    {
        "model": "auth.permission",
        "pk": 25,
        "fields": {
            "name": "Can add category",
            "content_type": 7,
            "codename": "add_category"
        }
    },
    {
        "model": "auth.permission",
        "pk": 26,
        "fields": {
            "name": "Can change category",
            "content_type": 7,
            "codename": "change_category"
        }
    },
    {
        "model": "auth.permission",
        "pk": 27,
        "fields": {
            "name": "Can delete category",
            "content_type": 7,
            "codename": "delete_category"
        }
    },
    {
        "model": "auth.permission",
        "pk": 28,
        "fields": {
            "name": "Can view category",
            "content_type": 7,
            "codename": "view_category"
        }
    },
    {
        "model": "auth.permission",
        "pk": 29,
        "fields": {
            "name": "Can add post",
            "content_type": 8,
            "codename": "add_post"
        }
    },
    {
        "model": "auth.permission",
        "pk": 30,
        "fields": {
            "name": "Can change post",
            "content_type": 8,
            "codename": "change_post"
        }
    },
    {
        "model": "auth.permission",
        "pk": 31,
        "fields": {
            "name": "Can delete post",
            "content_type": 8,
            "codename": "delete_post"
        }
    },
    {
        "model": "auth.permission",
        "pk": 32,
        "fields": {
            "name": "Can view post",
            "content_type": 8,
            "codename": "view_post"
        }
    },
    {
        "model": "auth.permission",
        "pk": 33,
        "fields": {
            "name": "Can add Пункт меню",
            "content_type": 9,
            "codename": "add_menu"
        }
    },
    {
        "model": "auth.permission",
        "pk": 34,
        "fields": {
            "name": "Can change Пункт меню",
            "content_type": 9,
            "codename": "change_menu"
        }
    },
    {
        "model": "auth.permission",
        "pk": 35,
        "fields": {
            "name": "Can delete Пункт меню",
            "content_type": 9,
            "codename": "delete_menu"
        }
    },
    {
        "model": "auth.permission",
        "pk": 36,
        "fields": {
            "name": "Can view Пункт меню",
            "content_type": 9,
            "codename": "view_menu"
        }
    },
    {
        "model": "auth.permission",
        "pk": 37,
        "fields": {
            "name": "Can add book instance",
            "content_type": 10,
            "codename": "add_bookinstance"
        }
    },
    {
        "model": "auth.permission",
        "pk": 38,
        "fields": {
            "name": "Can change book instance",
            "content_type": 10,
            "codename": "change_bookinstance"
        }
    },
    {
        "model": "auth.permission",
        "pk": 39,
        "fields": {
            "name": "Can delete book instance",
            "content_type": 10,
            "codename": "delete_bookinstance"
        }
    },
    {
        "model": "auth.permission",
        "pk": 40,
        "fields": {
            "name": "Can view book instance",
            "content_type": 10,
            "codename": "view_bookinstance"
        }
    },
    {
        "model": "auth.permission",
        "pk": 41,
        "fields": {
            "name": "Can add book",
            "content_type": 11,
            "codename": "add_book"
        }
    },
    {
        "model": "auth.permission",
        "pk": 42,
        "fields": {
            "name": "Can change book",
            "content_type": 11,
            "codename": "change_book"
        }
    },
    {
        "model": "auth.permission",
        "pk": 43,
        "fields": {
            "name": "Can delete book",
            "content_type": 11,
            "codename": "delete_book"
        }
    },
    {
        "model": "auth.permission",
        "pk": 44,
        "fields": {
            "name": "Can view book",
            "content_type": 11,
            "codename": "view_book"
        }
    },
    {
        "model": "auth.permission",
        "pk": 45,
        "fields": {
            "name": "Can add e book instance",
            "content_type": 12,
            "codename": "add_ebookinstance"
        }
    },
    {
        "model": "auth.permission",
        "pk": 46,
        "fields": {
            "name": "Can change e book instance",
            "content_type": 12,
            "codename": "change_ebookinstance"
        }
    },
    {
        "model": "auth.permission",
        "pk": 47,
        "fields": {
            "name": "Can delete e book instance",
            "content_type": 12,
            "codename": "delete_ebookinstance"
        }
    },
    {
        "model": "auth.permission",
        "pk": 48,
        "fields": {
            "name": "Can view e book instance",
            "content_type": 12,
            "codename": "view_ebookinstance"
        }
    },
    {
        "model": "auth.permission",
        "pk": 49,
        "fields": {
            "name": "Can add author",
            "content_type": 13,
            "codename": "add_author"
        }
    },
    {
        "model": "auth.permission",
        "pk": 50,
        "fields": {
            "name": "Can change author",
            "content_type": 13,
            "codename": "change_author"
        }
    },
    {
        "model": "auth.permission",
        "pk": 51,
        "fields": {
            "name": "Can delete author",
            "content_type": 13,
            "codename": "delete_author"
        }
    },
    {
        "model": "auth.permission",
        "pk": 52,
        "fields": {
            "name": "Can view author",
            "content_type": 13,
            "codename": "view_author"
        }
    },
    {
        "model": "auth.permission",
        "pk": 53,
        "fields": {
            "name": "Can add genre",
            "content_type": 14,
            "codename": "add_genre"
        }
    },
    {
        "model": "auth.permission",
        "pk": 54,
        "fields": {
            "name": "Can change genre",
            "content_type": 14,
            "codename": "change_genre"
        }
    },
    {
        "model": "auth.permission",
        "pk": 55,
        "fields": {
            "name": "Can delete genre",
            "content_type": 14,
            "codename": "delete_genre"
        }
    },
    {
        "model": "auth.permission",
        "pk": 56,
        "fields": {
            "name": "Can view genre",
            "content_type": 14,
            "codename": "view_genre"
        }
    },
    {
        "model": "auth.permission",
        "pk": 57,
        "fields": {
            "name": "Can add useful link",
            "content_type": 15,
            "codename": "add_usefullink"
        }
    },
    {
        "model": "auth.permission",
        "pk": 58,
        "fields": {
            "name": "Can change useful link",
            "content_type": 15,
            "codename": "change_usefullink"
        }
    },
    {
        "model": "auth.permission",
        "pk": 59,
        "fields": {
            "name": "Can delete useful link",
            "content_type": 15,
            "codename": "delete_usefullink"
        }
    },
    {
        "model": "auth.permission",
        "pk": 60,
        "fields": {
            "name": "Can view useful link",
            "content_type": 15,
            "codename": "view_usefullink"
        }
    },
    {
        "model": "auth.user",
        "pk": 1,
        "fields": {
            "password": "pbkdf2_sha256$870000$ZiYPpbPU3WNvdtsV4UbCaV$n0o9uXwpckJNHGBcEv7vB56EcORZN/5ziof4eEOqqUI=",
            "last_login": "2024-12-07T14:48:20.088Z",
            "is_superuser": true,
            "username": "mineev",
            "first_name": "",
            "last_name": "",
            "email": "",
            "is_staff": true,
            "is_active": true,
            "date_joined": "2024-12-07T14:46:44.029Z",
            "groups": [],
            "user_permissions": []
        }
    },
    {
        "model": "contenttypes.contenttype",
        "pk": 1,
        "fields": {
            "app_label": "admin",
            "model": "logentry"
        }
    },
    {
        "model": "contenttypes.contenttype",
        "pk": 2,
        "fields": {
            "app_label": "auth",
            "model": "permission"
        }
    },
    {
        "model": "contenttypes.contenttype",
        "pk": 3,
        "fields": {
            "app_label": "auth",
            "model": "group"
        }
    },
    {
        "model": "contenttypes.contenttype",
        "pk": 4,
        "fields": {
            "app_label": "auth",
            "model": "user"
        }
    },
    {
        "model": "contenttypes.contenttype",
        "pk": 5,
        "fields": {
            "app_label": "contenttypes",
            "model": "contenttype"
        }
    },
    {
        "model": "contenttypes.contenttype",
        "pk": 6,
        "fields": {
            "app_label": "sessions",
            "model": "session"
        }
    },
    {
        "model": "contenttypes.contenttype",
        "pk": 7,
        "fields": {
            "app_label": "blog",
            "model": "category"
        }
    },
    {
        "model": "contenttypes.contenttype",
        "pk": 8,
        "fields": {
            "app_label": "blog",
            "model": "post"
        }
    },
    {
        "model": "contenttypes.contenttype",
        "pk": 9,
        "fields": {
            "app_label": "main",
            "model": "menu"
        }
    },
    {
        "model": "contenttypes.contenttype",
        "pk": 10,
        "fields": {
            "app_label": "library",
            "model": "bookinstance"
        }
    },
    {
        "model": "contenttypes.contenttype",
        "pk": 11,
        "fields": {
            "app_label": "library",
            "model": "book"
        }
    },
    {
        "model": "contenttypes.contenttype",
        "pk": 12,
        "fields": {
            "app_label": "library",
            "model": "ebookinstance"
        }
    },
    {
        "model": "contenttypes.contenttype",
        "pk": 13,
        "fields": {
            "app_label": "library",
            "model": "author"
        }
    },
    {
        "model": "contenttypes.contenttype",
        "pk": 14,
        "fields": {
            "app_label": "library",
            "model": "genre"
        }
    },
    {
        "model": "contenttypes.contenttype",
        "pk": 15,
        "fields": {
            "app_label": "main",
            "model": "usefullink"
        }
    },
    {
        "model": "sessions.session",
        "pk": "gg3m2x7yeojyjy8rc3udx1mxtepaolme",
        "fields": {
            "session_data": ".eJxVjEEOwiAQRe_C2pAydBBcuu8ZyMCAVA0kpV0Z765NutDtf-_9l_C0rcVvPS1-ZnERSpx-t0DxkeoO-E711mRsdV3mIHdFHrTLqXF6Xg_376BQL9-a0EbLJimNwXEaRqdA84gRHRnMis6DztkEC4wIhCpDzAAakjVscBTvD9xPN3Y:1tJw6W:8kPBMRlV3BNkETV0poYDV7Fp9TSsKvzytdgK6DLe-9k",
            "expire_date": "2024-12-21T14:48:20.093Z"
        }
    },
    {
        "model": "blog.post",
        "pk": 1,
        "fields": {
            "title": "Формат jpg",
            "slug": "format-jpg",
            "body": "<p><img src=\"http://localhost:8000/media/detektor-dronov-vizor-m.jpg\" alt=\"\" width=\"308\" height=\"259\"></p>",
            "publish": "2024-12-07T14:52:19Z",
            "created": "2024-12-07T14:56:03.572Z",
            "updated": "2024-12-08T06:57:14.808Z",
            "status": "draft",
            "categories": [
                1,
                2,
                3
            ]
        }
    },
    {
        "model": "blog.post",
        "pk": 2,
        "fields": {
            "title": "Дескредитация и квантование аудиосигнала",
            "slug": "deskreditaciya-i-kvantovanie-audiosignala",
            "body": "",
            "publish": "2024-12-07T15:03:09Z",
            "created": "2024-12-07T15:03:59.441Z",
            "updated": "2024-12-07T15:03:59.441Z",
            "status": "draft",
            "categories": [
                1,
                2,
                4
            ]
        }
    },
    {
        "model": "blog.post",
        "pk": 3,
        "fields": {
            "title": "Изображение в компьютере",
            "slug": "izobrazhenie-v-kompyutere",
            "body": "",
            "publish": "2024-12-07T15:04:15Z",
            "created": "2024-12-07T15:04:31.444Z",
            "updated": "2024-12-07T15:04:31.444Z",
            "status": "draft",
            "categories": [
                1,
                2,
                3
            ]
        }
    },
    {
        "model": "blog.post",
        "pk": 4,
        "fields": {
            "title": "Иерархическая база данных",
            "slug": "ierarhicheskaya-baza-dannyh",
            "body": "",
            "publish": "2024-12-07T15:04:49Z",
            "created": "2024-12-07T15:05:16.789Z",
            "updated": "2024-12-07T15:05:16.789Z",
            "status": "draft",
            "categories": [
                1,
                5
            ]
        }
    },
    {
        "model": "blog.post",
        "pk": 5,
        "fields": {
            "title": "Формат изображения BMP",
            "slug": "format-izobrazheniya-bmp",
            "body": "",
            "publish": "2024-12-07T15:05:22Z",
            "created": "2024-12-07T15:05:53.638Z",
            "updated": "2024-12-07T15:05:53.638Z",
            "status": "draft",
            "categories": [
                1,
                2,
                3
            ]
        }
    },
    {
        "model": "blog.post",
        "pk": 6,
        "fields": {
            "title": "Формат файла wav",
            "slug": "format-fajla-wav",
            "body": "",
            "publish": "2024-12-07T15:05:58Z",
            "created": "2024-12-07T15:06:25.784Z",
            "updated": "2024-12-07T15:06:25.784Z",
            "status": "draft",
            "categories": [
                1,
                2,
                4
            ]
        }
    },
    {
        "model": "blog.post",
        "pk": 7,
        "fields": {
            "title": "Получение сэмплов с микрофона",
            "slug": "poluchenie-semplov-s-mikrofona",
            "body": "",
            "publish": "2024-12-07T15:07:10Z",
            "created": "2024-12-07T15:07:59.712Z",
            "updated": "2024-12-07T15:07:59.712Z",
            "status": "draft",
            "categories": [
                1,
                4
            ]
        }
    },
    {
        "model": "blog.post",
        "pk": 8,
        "fields": {
            "title": "test",
            "slug": "test",
            "body": "<p>xcvxcvx</p>\r\n<p>&nbsp;</p>\r\n<p><audio src=\"http://localhost:8000/media/%D0%B7%D0%B2%D1%83%D0%BA.wav\" controls=\"controls\"></audio></p>",
            "publish": "2024-12-07T17:01:58Z",
            "created": "2024-12-07T17:03:01.829Z",
            "updated": "2024-12-08T07:37:11.195Z",
            "status": "draft",
            "categories": [
                1
            ]
        }
    },
    {
        "model": "blog.post",
        "pk": 9,
        "fields": {
            "title": "Удобный visiwig редактор для TextField Django c загрузкой изображений",
            "slug": "udobnyj-visiwig-redaktor-dlya-textfield-django-c-zagruzkoj-izobrazhenij",
            "body": "<p><a title=\"не до конца проверенный метод\" href=\"https://alexdzen.medium.com/django-tinymce-%D0%B4%D0%BE%D0%B1%D0%B0%D0%B2%D0%BB%D0%B5%D0%BD%D0%B8%D0%B5-%D0%B7%D0%B0%D0%B3%D1%80%D1%83%D0%B7%D0%BA%D0%B8-%D0%BA%D0%B0%D1%80%D1%82%D0%B8%D0%BD%D0%BE%D0%BA-%D0%B2-%D1%80%D0%B5%D0%B4%D0%B0%D0%BA%D1%82%D0%BE%D1%80-django-tinymce-upload-image-4dc8ab8bff83\" target=\"_blank\" rel=\"noopener\">не проверенный способ</a></p>\r\n<p>&nbsp;</p>\r\n<p><a href=\"https://pro-cod.ru/kak-nastroit-django-tinymce-filebrowser.html\" target=\"_blank\" rel=\"noopener\">проверенный способ используемый на этом сайте</a></p>",
            "publish": "2024-12-08T06:57:59Z",
            "created": "2024-12-08T07:02:14.263Z",
            "updated": "2024-12-08T07:02:14.263Z",
            "status": "published",
            "categories": [
                1,
                6
            ]
        }
    },
    {
        "model": "blog.post",
        "pk": 10,
        "fields": {
            "title": "Сравнительная стоимость теплоносителей для частного дома",
            "slug": "sravnitelnaya-stoimost-teplonositelej-dlya-chastnogo-doma",
            "body": "<p>Статья показывает как правильно посчитать стоимость отопления в зависимости от энергоносителя.</p>\r\n<p>В частном секторе применяются следующие способы отопления:</p>\r\n<p>&nbsp;</p>\r\n<table style=\"border-collapse: collapse; width: 31.4338%; height: 179.125px;\" border=\"1\"><colgroup><col style=\"width: 6.86106%;\"><col style=\"width: 55.4031%;\"><col style=\"width: 37.7358%;\"></colgroup>\r\n<tbody>\r\n<tr style=\"height: 44.7812px;\">\r\n<td style=\"height: 44.7812px; text-align: center;\"><strong>№ п.п.</strong></td>\r\n<td style=\"height: 44.7812px; text-align: center;\"><strong>Основной способ</strong></td>\r\n<td style=\"height: 44.7812px; text-align: center;\"><strong>Стоимость</strong></td>\r\n</tr>\r\n<tr style=\"height: 22.3906px;\">\r\n<td style=\"height: 22.3906px;\">1</td>\r\n<td style=\"height: 22.3906px;\">Дрова</td>\r\n<td style=\"height: 22.3906px;\">4500 руб./ куб.</td>\r\n</tr>\r\n<tr style=\"height: 22.3906px;\">\r\n<td style=\"height: 22.3906px;\">2</td>\r\n<td style=\"height: 22.3906px;\">Уголь</td>\r\n<td style=\"height: 22.3906px;\">350 руб./мешок.</td>\r\n</tr>\r\n<tr style=\"height: 22.3906px;\">\r\n<td style=\"height: 22.3906px;\">3</td>\r\n<td style=\"height: 22.3906px;\">Пелеты</td>\r\n<td style=\"height: 22.3906px;\">200 руб./пачка</td>\r\n</tr>\r\n<tr style=\"height: 22.3906px;\">\r\n<td style=\"height: 22.3906px;\">4</td>\r\n<td style=\"height: 22.3906px;\">Сжиженный газ</td>\r\n<td style=\"height: 22.3906px;\">79 руб./кг.</td>\r\n</tr>\r\n<tr style=\"height: 22.3906px;\">\r\n<td style=\"height: 22.3906px;\">5</td>\r\n<td style=\"height: 22.3906px;\">Дизель</td>\r\n<td style=\"height: 22.3906px;\">75 руб../литр</td>\r\n</tr>\r\n<tr style=\"height: 22.3906px;\">\r\n<td style=\"height: 22.3906px;\">6</td>\r\n<td style=\"height: 22.3906px;\">Электроотопление</td>\r\n<td style=\"height: 22.3906px;\">3,6 руб./кВтчас</td>\r\n</tr>\r\n<tr>\r\n<td>7</td>\r\n<td>Теплоотопление</td>\r\n<td>2601 руб./гкалл.</td>\r\n</tr>\r\n</tbody>\r\n</table>\r\n<p>Глядя на таблицу не понятно какой способ отопления самый оптимальный и экономичный, потому как используется разные меры тепловой энергии: мешки, пачки, кубы и литры. Необходимо привести эти стоимости к единому показатели. И этим показателем является энергия, которая измеряется в МДж (Мега джоули).</p>\r\n<p>Самый простой пособ перевода у электроэнергии и тепловой энергии: 1кВтчас = 3,6МДж, а 1гкал=4186МДж. Ксати эти виды энергии мы непосредственно преобразуем в тепло через электронагреватели с к КПД порядка 90% и через радиаторы отопления с КПД порядка 80%.</p>\r\n<p>Если мы не будем учитывать КПД, то наша табличка начент выглядеть так:</p>\r\n<table style=\"border-collapse: collapse; width: 31.4338%; height: 179.125px;\" border=\"1\"><colgroup><col style=\"width: 6.86106%;\"><col style=\"width: 55.4031%;\"><col style=\"width: 37.7358%;\"></colgroup>\r\n<tbody>\r\n<tr style=\"height: 44.7812px;\">\r\n<td style=\"height: 44.7812px; text-align: center;\"><strong>№ п.п.</strong></td>\r\n<td style=\"height: 44.7812px; text-align: center;\"><strong>Основной способ</strong></td>\r\n<td style=\"height: 44.7812px; text-align: center;\"><strong>Стоимость</strong></td>\r\n</tr>\r\n<tr style=\"height: 22.3906px;\">\r\n<td style=\"height: 22.3906px;\">1</td>\r\n<td style=\"height: 22.3906px;\">Дрова</td>\r\n<td style=\"height: 22.3906px;\">4500 руб./ куб.</td>\r\n</tr>\r\n<tr style=\"height: 22.3906px;\">\r\n<td style=\"height: 22.3906px;\">2</td>\r\n<td style=\"height: 22.3906px;\">Уголь</td>\r\n<td style=\"height: 22.3906px;\">350 руб./мешок.</td>\r\n</tr>\r\n<tr style=\"height: 22.3906px;\">\r\n<td style=\"height: 22.3906px;\">3</td>\r\n<td style=\"height: 22.3906px;\">Пелеты</td>\r\n<td style=\"height: 22.3906px;\">200 руб./пачка</td>\r\n</tr>\r\n<tr style=\"height: 22.3906px;\">\r\n<td style=\"height: 22.3906px;\">4</td>\r\n<td style=\"height: 22.3906px;\">Сжиженный газ</td>\r\n<td style=\"height: 22.3906px;\">79 руб./кг.</td>\r\n</tr>\r\n<tr style=\"height: 22.3906px;\">\r\n<td style=\"height: 22.3906px;\">5</td>\r\n<td style=\"height: 22.3906px;\">Дизель</td>\r\n<td style=\"height: 22.3906px;\">75 руб./литр</td>\r\n</tr>\r\n<tr style=\"height: 22.3906px;\">\r\n<td style=\"height: 22.3906px;\">6</td>\r\n<td style=\"height: 22.3906px;\">Электроотопление</td>\r\n<td style=\"height: 22.3906px;\">1 руб./МДж.</td>\r\n</tr>\r\n<tr>\r\n<td>7</td>\r\n<td>Теплоотопление</td>\r\n<td>0,62 руб./МДж.</td>\r\n</tr>\r\n</tbody>\r\n</table>\r\n<p>Другие виды энергоносителей для преобразования в тепло необходимо сжечь. Из школьного курса физики мы знает о такой табличной величине как удельная теплота сгорания - это теплота, которая выделится при сгорании 1 кг топлива:</p>\r\n<table style=\"border-collapse: collapse; width: 48.5294%; height: 156.734px;\" border=\"1\"><colgroup><col style=\"width: 7.97101%;\"><col style=\"width: 29.8551%;\"><col style=\"width: 27.971%;\"><col style=\"width: 34.058%;\"></colgroup>\r\n<tbody>\r\n<tr style=\"height: 44.7812px;\">\r\n<td style=\"text-align: center; height: 44.7812px;\"><strong>№ п.п.</strong></td>\r\n<td style=\"text-align: center; height: 44.7812px;\"><strong>Топливо</strong></td>\r\n<td style=\"text-align: center; height: 44.7812px;\"><strong>Удельная теплота сгорания</strong></td>\r\n<td style=\"text-align: center;\"><strong>Примечание</strong></td>\r\n</tr>\r\n<tr style=\"height: 22.3906px;\">\r\n<td style=\"height: 22.3906px;\">1</td>\r\n<td style=\"height: 22.3906px;\">Дрова</td>\r\n<td style=\"height: 22.3906px;\">14,5 МДж/кг</td>\r\n<td>&nbsp;</td>\r\n</tr>\r\n<tr style=\"height: 22.3906px;\">\r\n<td style=\"height: 22.3906px;\">2</td>\r\n<td style=\"height: 22.3906px;\">Уголь</td>\r\n<td style=\"height: 22.3906px;\">22 МДж/кг</td>\r\n<td>в среднем, зависит от качества</td>\r\n</tr>\r\n<tr style=\"height: 22.3906px;\">\r\n<td style=\"height: 22.3906px;\">3</td>\r\n<td style=\"height: 22.3906px;\">Пелеты</td>\r\n<td style=\"height: 22.3906px;\">19 МДж/кг</td>\r\n<td>из рекламного буклета, но сомнительно как те же дрова хоть и спресованные в брекет вдруг при сжигании выделяют больше энергии чем обычные дрова&nbsp;&nbsp;</td>\r\n</tr>\r\n<tr style=\"height: 22.3906px;\">\r\n<td style=\"height: 22.3906px;\">4</td>\r\n<td style=\"height: 22.3906px;\">Сжиженный газ</td>\r\n<td style=\"height: 22.3906px;\">43 МДж/кг</td>\r\n<td>&nbsp;</td>\r\n</tr>\r\n<tr style=\"height: 22.3906px;\">\r\n<td style=\"height: 22.3906px;\">5</td>\r\n<td style=\"height: 22.3906px;\">Дизель</td>\r\n<td style=\"height: 22.3906px;\">42 МДж/кг</td>\r\n<td>&nbsp;</td>\r\n</tr>\r\n</tbody>\r\n</table>\r\n<p>Итак энергия зависит только от массы сжигаемого вещества, а не от объема. Сжиженный гах мы можем легко перевести в руб./МДж. Пелеты так же - обычно в пакете RUF пачка весит 10 кг. Дизельное топливо в кг можно перевести зная плотность дизельного топлива - это 830 кг на м. куб., значит 1 литр будет весить 0,83 кг. Мешок угля принимается за 50 кг. Производим арифметические операции и получаем следующую таблицу:</p>\r\n<table style=\"border-collapse: collapse; width: 31.4338%; height: 179.125px;\" border=\"1\"><colgroup><col style=\"width: 6.86106%;\"><col style=\"width: 55.4031%;\"><col style=\"width: 37.7358%;\"></colgroup>\r\n<tbody>\r\n<tr style=\"height: 44.7812px;\">\r\n<td style=\"height: 44.7812px; text-align: center;\"><strong>№ п.п.</strong></td>\r\n<td style=\"height: 44.7812px; text-align: center;\"><strong>Основной способ</strong></td>\r\n<td style=\"height: 44.7812px; text-align: center;\"><strong>Стоимость</strong></td>\r\n</tr>\r\n<tr style=\"height: 22.3906px;\">\r\n<td style=\"height: 22.3906px;\">1</td>\r\n<td style=\"height: 22.3906px;\">Дрова</td>\r\n<td style=\"height: 22.3906px;\">4500 руб./ куб.</td>\r\n</tr>\r\n<tr style=\"height: 22.3906px;\">\r\n<td style=\"height: 22.3906px;\">2</td>\r\n<td style=\"height: 22.3906px;\">Уголь</td>\r\n<td style=\"height: 22.3906px;\">0,32 руб./МДж</td>\r\n</tr>\r\n<tr style=\"height: 22.3906px;\">\r\n<td style=\"height: 22.3906px;\">3</td>\r\n<td style=\"height: 22.3906px;\">Пелеты</td>\r\n<td style=\"height: 22.3906px;\">1 руб./МДж</td>\r\n</tr>\r\n<tr style=\"height: 22.3906px;\">\r\n<td style=\"height: 22.3906px;\">4</td>\r\n<td style=\"height: 22.3906px;\">Сжиженный газ</td>\r\n<td style=\"height: 22.3906px;\">1,84 руб./МДж</td>\r\n</tr>\r\n<tr style=\"height: 22.3906px;\">\r\n<td style=\"height: 22.3906px;\">5</td>\r\n<td style=\"height: 22.3906px;\">Дизель</td>\r\n<td style=\"height: 22.3906px;\">2,15 руб./МДж</td>\r\n</tr>\r\n<tr style=\"height: 22.3906px;\">\r\n<td style=\"height: 22.3906px;\">6</td>\r\n<td style=\"height: 22.3906px;\">Электроотопление</td>\r\n<td style=\"height: 22.3906px;\">1 руб./МДж.</td>\r\n</tr>\r\n<tr>\r\n<td>7</td>\r\n<td>Теплоотопление</td>\r\n<td>0,62 руб./МДж.</td>\r\n</tr>\r\n</tbody>\r\n</table>\r\n<p>Самый сложный способ определения стоимости одного мегаджоуля у дров. Потому как не понятно что понимается под объемом дров. Вообще выделяют чистый объем, свальный объем и расчетный объемы дров. Кроме того необходимо понимать что дрова должны быть просушены, влажные дрова при сжигании выделяют мало тепловой энергии. Нас для расчета тепловой энергии интересует чистый объем дров, который составляет 60% от свального объема. Таким образом продав нам свальных дров 1 куб, мы получим 0,65 кубов чистых дров и учитывая что в 1 кубе содержится 450 кг древесины, которая преобразуется в 6525МДж энергии. Получаем следующую таблицу отсортированную по стоимости:</p>\r\n<table style=\"border-collapse: collapse; width: 64.8284%; height: 179.125px;\" border=\"1\"><colgroup><col style=\"width: 10.0284%;\"><col style=\"width: 24.5033%;\"><col style=\"width: 14.4827%;\"><col style=\"width: 50.9856%;\"></colgroup>\r\n<tbody>\r\n<tr style=\"height: 44.7812px;\">\r\n<td style=\"height: 44.7812px; text-align: center;\"><strong>№ п.п.</strong></td>\r\n<td style=\"height: 44.7812px; text-align: center;\"><strong>Основной способ отопления</strong></td>\r\n<td style=\"height: 44.7812px; text-align: center;\"><strong>Стоимость</strong></td>\r\n<td style=\"text-align: center;\"><strong>Примечание</strong></td>\r\n</tr>\r\n<tr style=\"height: 22.3906px;\">\r\n<td style=\"height: 22.3906px;\">1</td>\r\n<td style=\"height: 22.3906px;\">Уголь</td>\r\n<td style=\"height: 22.3906px;\">0,32 руб./МДж</td>\r\n<td>Нужен ТТ котел и система разводки и радиаторов. Экологичность страдает.</td>\r\n</tr>\r\n<tr style=\"height: 22.3906px;\">\r\n<td style=\"height: 22.3906px;\">2</td>\r\n<td style=\"height: 22.3906px;\">Теплоотопление</td>\r\n<td style=\"height: 22.3906px;\">0,62 руб./МДж.</td>\r\n<td>Отдельные частные дома не подключают. За экологичность отвечает теплогенерирующая компания. Зависимость от черной кошки в городской котельной.</td>\r\n</tr>\r\n<tr style=\"height: 22.3906px;\">\r\n<td style=\"height: 22.3906px;\">3</td>\r\n<td style=\"height: 22.3906px;\">Дрова</td>\r\n<td style=\"height: 22.3906px;\">0,69 руб./МДж</td>\r\n<td>Нужен ТТ котел и система разводки и радиаторов. Экологичность чуть получше чем с углем. Но если это котел длительного горения, то об экологичности нет и речи.</td>\r\n</tr>\r\n<tr style=\"height: 22.3906px;\">\r\n<td style=\"height: 22.3906px;\">4</td>\r\n<td style=\"height: 22.3906px;\">Электроотопление</td>\r\n<td style=\"height: 22.3906px;\">1 руб./МДж</td>\r\n<td>Нужно купить только электроотопители и не забыть о качестве электропроводки. И мощность подключения нынче еще регулируют</td>\r\n</tr>\r\n<tr style=\"height: 22.3906px;\">\r\n<td style=\"height: 22.3906px;\">5</td>\r\n<td style=\"height: 22.3906px;\">Пелеты</td>\r\n<td style=\"height: 22.3906px;\">1 руб./МДж</td>\r\n<td>Сомнительные способ. И фитнес пропал. зато чистенько в огороде. Экологичность как у дров, нужен кател и система разводки, а стоимость как у электроэнергии.</td>\r\n</tr>\r\n<tr style=\"height: 22.3906px;\">\r\n<td style=\"height: 22.3906px;\">6</td>\r\n<td style=\"height: 22.3906px;\">Сжиженный газ</td>\r\n<td style=\"height: 22.3906px;\">1,84 руб./МДж.</td>\r\n<td>Пламя модулируется (управляется). Но кроме котла и системы разводки нужен газгольдер или грядка балонов и учитывать безопасность.</td>\r\n</tr>\r\n<tr>\r\n<td>7</td>\r\n<td>Дизель</td>\r\n<td>2,15 руб./МДж</td>\r\n<td>Самый не рентабельный способ отопления.</td>\r\n</tr>\r\n</tbody>\r\n</table>",
            "publish": "2024-12-08T13:11:03Z",
            "created": "2024-12-08T14:07:21.706Z",
            "updated": "2024-12-08T14:07:21.706Z",
            "status": "draft",
            "categories": [
                7,
                8
            ]
        }
    },
    {
        "model": "blog.post",
        "pk": 11,
        "fields": {
            "title": "Каталог dev в Linux",
            "slug": "katalog-dev-v-linux",
            "body": "<p>Правила написания правил udev https://www.reactivated.net/writing_udev_rules.html</p>",
            "publish": "2024-12-12T05:24:47Z",
            "created": "2024-12-12T05:26:49.680Z",
            "updated": "2024-12-12T05:26:49.680Z",
            "status": "draft",
            "categories": [
                9
            ]
        }
    },
    {
        "model": "blog.post",
        "pk": 12,
        "fields": {
            "title": "Python usb",
            "slug": "python-usb",
            "body": "<p>Подключение к устройству USB в линукс и виндовс.</p>\r\n<p>&nbsp;</p>",
            "publish": "2024-12-12T06:10:56Z",
            "created": "2024-12-12T06:15:17.038Z",
            "updated": "2024-12-12T06:15:17.038Z",
            "status": "draft",
            "categories": [
                1,
                2
            ]
        }
    },
    {
        "model": "blog.category",
        "pk": 1,
        "fields": {
            "name": "python"
        }
    },
    {
        "model": "blog.category",
        "pk": 2,
        "fields": {
            "name": "Архитектура аппаратных средств"
        }
    },
    {
        "model": "blog.category",
        "pk": 3,
        "fields": {
            "name": "Изображения"
        }
    },
    {
        "model": "blog.category",
        "pk": 4,
        "fields": {
            "name": "Звук"
        }
    },
    {
        "model": "blog.category",
        "pk": 5,
        "fields": {
            "name": "Базы данных"
        }
    },
    {
        "model": "blog.category",
        "pk": 6,
        "fields": {
            "name": "django"
        }
    },
    {
        "model": "blog.category",
        "pk": 7,
        "fields": {
            "name": "Умный дом"
        }
    },
    {
        "model": "blog.category",
        "pk": 8,
        "fields": {
            "name": "Теплоэффективность"
        }
    },
    {
        "model": "blog.category",
        "pk": 9,
        "fields": {
            "name": "Linux"
        }
    },
    {
        "model": "main.menu",
        "pk": 1,
        "fields": {
            "name": "Главная",
            "url": "/",
            "position": 1
        }
    },
    {
        "model": "main.menu",
        "pk": 2,
        "fields": {
            "name": "Блог",
            "url": "/blog",
            "position": 2
        }
    },
    {
        "model": "main.menu",
        "pk": 3,
        "fields": {
            "name": "Читаю",
            "url": "/library",
            "position": 3
        }
    },
    {
        "model": "main.menu",
        "pk": 4,
        "fields": {
            "name": "Проекты",
            "url": "/projects",
            "position": 4
        }
    },
    {
        "model": "main.menu",
        "pk": 5,
        "fields": {
            "name": "Обо мне",
            "url": "/about",
            "position": 5
        }
    },
    {
        "model": "main.menu",
        "pk": 6,
        "fields": {
            "name": "Услуги",
            "url": "/services",
            "position": 3
        }
    },
    {
        "model": "main.usefullink",
        "pk": 1,
        "fields": {
            "name": "Сотворим вместе задания по электронике",
            "url": "https://sotvorimvmeste.ru/viewforum.php?f=9",
            "description": "Первые шаги с микросхемами серии 155. Полезно для ознакомлением с работой логических винтелей и различных генераторов",
            "added": "2024-12-13T09:35:28.515Z",
            "usefulness": 1
        }
    },
    {
        "model": "main.usefullink",
        "pk": 2,
        "fields": {
            "name": "Электронный конструктор, не бьющий током",
            "url": "https://habr.com/ru/companies/ruvds/articles/709384/",
            "description": "статья о простом электронном симуляторе на js в браузере. Как пример симуляции электрических процессов.",
            "added": "2024-12-13T09:48:07.154Z",
            "usefulness": 1
        }
    },
    {
        "model": "main.usefullink",
        "pk": 3,
        "fields": {
            "name": "Полезные проекты от Алекса Гувера",
            "url": "https://kit.alexgyver.ru/tutorials/",
            "description": "Arduino проекты",
            "added": "2024-12-13T09:49:55.836Z",
            "usefulness": 0
        }
    },
    {
        "model": "main.usefullink",
        "pk": 4,
        "fields": {
            "name": "Логические операции с битами от Алекса Гувера",
            "url": "https://alexgyver.ru/lessons/bitmath/",
            "description": "Лучшие практики по битовым операциям на микроконтроллере.",
            "added": "2024-12-13T09:51:09.070Z",
            "usefulness": 0
        }
    },
    {
        "model": "main.usefullink",
        "pk": 5,
        "fields": {
            "name": "USB in a NutShell - путеводитель по стандарту USB",
            "url": "https://microsin.net/programming/arm-working-with-usb/usb-in-a-nutshell-part1.html",
            "description": "отличный обзор стандарта USB",
            "added": "2024-12-13T10:04:40.770Z",
            "usefulness": 0
        }
    },
    {
        "model": "main.usefullink",
        "pk": 6,
        "fields": {
            "name": "libusb library",
            "url": "https://libusb.info/",
            "description": "Документ на библиотеку libusb 1.0",
            "added": "2024-12-13T10:09:37.459Z",
            "usefulness": 0
        }
    },
    {
        "model": "main.usefullink",
        "pk": 7,
        "fields": {
            "name": "Программирование с PyUSB 1.0",
            "url": "https://habr.com/ru/articles/430528/",
            "description": "работа с usb устройствами через python",
            "added": "2024-12-13T10:12:42.957Z",
            "usefulness": 0
        }
    },
    {
        "model": "main.usefullink",
        "pk": 8,
        "fields": {
            "name": "pyusb manual github",
            "url": "https://github.com/pyusb/pyusb/blob/master/docs/tutorial.rst",
            "description": "",
            "added": "2024-12-13T10:16:05.344Z",
            "usefulness": 0
        }
    },
    {
        "model": "main.usefullink",
        "pk": 9,
        "fields": {
            "name": "Отличный портал для изучения языков от Сергея Балакирева",
            "url": "https://proproprogs.ru/index.php",
            "description": "Не только языки, но и фреймворки. Отличная подача материала",
            "added": "2024-12-13T10:20:18.099Z",
            "usefulness": 0
        }
    },
    {
        "model": "main.usefullink",
        "pk": 10,
        "fields": {
            "name": "Resources for Developers, by Developers",
            "url": "https://developer.mozilla.org/ru/",
            "description": "Отличные самоучители и лучшие практики создания приложений (например местная библиотека)",
            "added": "2024-12-13T10:22:35.822Z",
            "usefulness": 0
        }
    },
    {
        "model": "main.usefullink",
        "pk": 11,
        "fields": {
            "name": "Декодируем JPEG-изображение с помощью Python",
            "url": "https://habr.com/ru/companies/vk/articles/512004/",
            "description": "Подробно описывается процесс распаковки структуры jpg файла yf Python",
            "added": "2024-12-13T10:24:36.551Z",
            "usefulness": 0
        }
    },
    {
        "model": "main.usefullink",
        "pk": 12,
        "fields": {
            "name": "Изобретаем JPEG",
            "url": "https://habr.com/ru/articles/206264/",
            "description": "Описывается принцип упаковки изображения, затрагивается принцип архивации и предлагается свой алгоритм упаковки",
            "added": "2024-12-13T10:26:05.007Z",
            "usefulness": 0
        }
    },
    {
        "model": "main.usefullink",
        "pk": 13,
        "fields": {
            "name": "rtsp to mjpeg",
            "url": "https://github.com/eroji/rtsp2mjpg",
            "description": "",
            "added": "2024-12-13T13:35:40.464Z",
            "usefulness": 0
        }
    },
    {
        "model": "main.usefullink",
        "pk": 14,
        "fields": {
            "name": "захват видео с сетевых камер",
            "url": "https://habr.com/ru/articles/115808/",
            "description": "описан клиент на python способный получать поток  mjpeg от камеры",
            "added": "2024-12-13T13:37:10.074Z",
            "usefulness": 0
        }
    },
    {
        "model": "main.usefullink",
        "pk": 15,
        "fields": {
            "name": "Работа с видеофайлами с помощью Python",
            "url": "https://codeby.net/threads/rabota-s-videofajlami-s-pomoschju-python.80169/",
            "description": "",
            "added": "2024-12-13T13:37:46.287Z",
            "usefulness": 0
        }
    },
    {
        "model": "main.usefullink",
        "pk": 16,
        "fields": {
            "name": "Проигрыватель для очень медленного воспроизведения видеофайл",
            "url": "https://habr.com/ru/companies/ruvds/articles/546044/",
            "description": "покадровое Отображение видеофайла на электронной бумаге",
            "added": "2024-12-13T13:43:35.239Z",
            "usefulness": 0
        }
    },
    {
        "model": "main.usefullink",
        "pk": 17,
        "fields": {
            "name": "Извлекаем метаданные из фото, аудио и видео файлов с помощью",
            "url": "https://codeby.net/threads/izvlekaem-metadannye-iz-foto-audio-i-video-fajlov-s-pomoschju-python.80200/",
            "description": "работа с форматами файлов с помощью библиотек",
            "added": "2024-12-13T13:45:45.517Z",
            "usefulness": 0
        }
    },
    {
        "model": "main.usefullink",
        "pk": 18,
        "fields": {
            "name": "Блог программиста",
            "url": "https://jenyay.net/blog/",
            "description": "много интересных статей и справочной информации",
            "added": "2024-12-13T14:03:21.333Z",
            "usefulness": 0
        }
    },
    {
        "model": "main.usefullink",
        "pk": 19,
        "fields": {
            "name": "Формат файла BMP",
            "url": "https://jenyay.net/Programming/Bmp",
            "description": "",
            "added": "2024-12-13T14:03:53.011Z",
            "usefulness": 0
        }
    },
    {
        "model": "main.usefullink",
        "pk": 20,
        "fields": {
            "name": "Формат звуковых файлов WAV",
            "url": "https://radioprog.ru/post/1025#p1025_img01",
            "description": "",
            "added": "2024-12-13T14:04:48.151Z",
            "usefulness": 0
        }
    },
    {
        "model": "main.usefullink",
        "pk": 21,
        "fields": {
            "name": "Полезный сайт",
            "url": "http://RadioProg.RU",
            "description": "",
            "added": "2024-12-13T14:06:37.262Z",
            "usefulness": 0
        }
    },
    {
        "model": "main.usefullink",
        "pk": 22,
        "fields": {
            "name": "Создание видео из изображений OpenCV в Python Источник: http",
            "url": "https://tonais.ru/library/sozdanie-video-iz-izobrazheniy-opencv-v-python",
            "description": "",
            "added": "2024-12-13T14:07:41.440Z",
            "usefulness": 0
        }
    },
    {
        "model": "main.usefullink",
        "pk": 23,
        "fields": {
            "name": "Работа с изображениями на Python",
            "url": "https://habr.com/ru/companies/oleg-bunin/articles/425471/",
            "description": "Обзор библиотек и бенчмаркинг",
            "added": "2024-12-13T14:08:33.542Z",
            "usefulness": 0
        }
    },
    {
        "model": "main.usefullink",
        "pk": 24,
        "fields": {
            "name": "Структура WAV файла",
            "url": "https://audiocoding.cc/articles/2008-05-22-wav-file-structure/",
            "description": "",
            "added": "2024-12-13T14:10:35.440Z",
            "usefulness": 0
        }
    },
    {
        "model": "main.usefullink",
        "pk": 25,
        "fields": {
            "name": "audiocoding",
            "url": "https://audiocoding.cc/",
            "description": "",
            "added": "2024-12-13T14:11:57.775Z",
            "usefulness": 0
        }
    },
    {
        "model": "main.usefullink",
        "pk": 26,
        "fields": {
            "name": "Ранние подходы к организации БД.",
            "url": "https://citforum.ru/database/osbd/glava_9.shtml",
            "description": "Системы, основанные на инвертированных списках, иерархические и сетевые СУБД. Примеры. Сильные места и недостатки ранних систем",
            "added": "2024-12-14T10:29:53.448Z",
            "usefulness": 0
        }
    },
    {
        "model": "main.usefullink",
        "pk": 27,
        "fields": {
            "name": "База данных Access Авиалинии",
            "url": "https://accesshelp.ru/baza-dannyh-access-avialinii/",
            "description": "для примера баз данных в учебных целях",
            "added": "2024-12-14T10:41:08.577Z",
            "usefulness": 0
        }
    },
    {
        "model": "main.usefullink",
        "pk": 28,
        "fields": {
            "name": "Введение в реляционные базы данных",
            "url": "https://intuit.ru/studies/courses/74/74/lecture/27901",
            "description": "",
            "added": "2024-12-14T10:47:29.999Z",
            "usefulness": 0
        }
    },
    {
        "model": "main.usefullink",
        "pk": 29,
        "fields": {
            "name": "SQL запросы быстро. Часть 1",
            "url": "https://habr.com/ru/articles/480838/",
            "description": "",
            "added": "2024-12-14T10:48:39.460Z",
            "usefulness": 0
        }
    },
    {
        "model": "main.usefullink",
        "pk": 30,
        "fields": {
            "name": "Введение в БПЛА",
            "url": "https://lectoriy.2035.university/collection/Pogrujenie-v-BPL",
            "description": "",
            "added": "2024-12-14T10:50:32.498Z",
            "usefulness": 0
        }
    },
    {
        "model": "main.usefullink",
        "pk": 31,
        "fields": {
            "name": "15 баз данных, где можно найти практически все",
            "url": "https://changellenge.com/article/15-baz-dannykh-gde-mozhno-nayti-prakticheski-vse/",
            "description": "",
            "added": "2024-12-14T10:52:08.380Z",
            "usefulness": 0
        }
    },
    {
        "model": "main.usefullink",
        "pk": 32,
        "fields": {
            "name": "fpv drone sites",
            "url": "https://www.getfpv.com/learn/new-to-fpv/all-about-multirotor-drone-fpv-video-transmitter/",
            "description": "заблокирован доступ через впн или веб архив",
            "added": "2024-12-14T16:13:24.443Z",
            "usefulness": 0
        }
    },
    {
        "model": "main.usefullink",
        "pk": 33,
        "fields": {
            "name": "sdr rtl",
            "url": "https://www.rtl-sdr.com/scanning-spectrum-8ghz-per-second-new-hackrf-update/",
            "description": "",
            "added": "2024-12-14T16:23:57.951Z",
            "usefulness": 0
        }
    },
    {
        "model": "main.usefullink",
        "pk": 34,
        "fields": {
            "name": "Аналого-цифровое преобразование для начинающих",
            "url": "https://habr.com/ru/articles/125029/",
            "description": "Способы АЦП и ссылка на симулятор который запрещен в Россию как содержащий важную информацию",
            "added": "2024-12-15T00:43:48.882Z",
            "usefulness": 0
        }
    },
    {
        "model": "main.usefullink",
        "pk": 35,
        "fields": {
            "name": "Обработка больших файлов с использованием Python",
            "url": "https://dev-gang.ru/article/obrabotka-bolshih-failov-s-ispolzovaniem-python-8btakx0nzr/",
            "description": "Способы перебора чанков в большом файле",
            "added": "2024-12-15T00:54:23.704Z",
            "usefulness": 0
        }
    },
    {
        "model": "main.usefullink",
        "pk": 36,
        "fields": {
            "name": "Потоко-безопасные очереди FIFO, LIFO и очереди с приотитетом",
            "url": "https://docs-python.ru/standart-library/modul-queue-python/",
            "description": "стандартные библиотеки",
            "added": "2024-12-15T01:00:45.224Z",
            "usefulness": 0
        }
    },
    {
        "model": "main.usefullink",
        "pk": 37,
        "fields": {
            "name": "Стандартные библиотеки Python3.",
            "url": "https://docs-python.ru/standart-library/",
            "description": "Полезные библиотеки позволяющие не изобретать велосипед",
            "added": "2024-12-15T01:01:47.618Z",
            "usefulness": 0
        }
    },
    {
        "model": "main.usefullink",
        "pk": 38,
        "fields": {
            "name": "Структуры данных и алгоритмы в Python",
            "url": "https://teletype.in/@pythontalk/data_structures_algorithms",
            "description": "",
            "added": "2024-12-15T01:07:28.073Z",
            "usefulness": 0
        }
    },
    {
        "model": "main.usefullink",
        "pk": 39,
        "fields": {
            "name": "Практикум по компьютерным технологиям на Python",
            "url": "https://fadeevlecturer.github.io/python_lectures/notebooks/homework/1.html",
            "description": "Этот ресурс представляет из себя набор сопроводительных материалов для курса лекций физического факультета по дисциплине “Практикум по компьютерным технологиям”.",
            "added": "2024-12-15T07:06:28.219Z",
            "usefulness": 0
        }
    },
    {
        "model": "main.usefullink",
        "pk": 40,
        "fields": {
            "name": "Виртуальная файловая система— Python: Деревья",
            "url": "https://ru.hexlet.io/courses/python-trees/lessons/filetree/theory_unit",
            "description": "Интересная статья про построение файловой системы в виде дерева (лучше смотреть через веб архив)",
            "added": "2024-12-15T07:23:25.846Z",
            "usefulness": 0
        }
    },
    {
        "model": "main.usefullink",
        "pk": 41,
        "fields": {
            "name": "What Is A Hierarchical Data Model? | Definition And Examples",
            "url": "https://www.datamation.com/big-data/what-is-a-hierarchical-data-model-definition-and-examples/",
            "description": "Примеры иерархических данных",
            "added": "2024-12-15T07:30:17.315Z",
            "usefulness": 0
        }
    },
    {
        "model": "main.usefullink",
        "pk": 42,
        "fields": {
            "name": "дамп базы данных для примеров нормализации",
            "url": "https://github.com/hexlet-components/pg-dump-example",
            "description": "",
            "added": "2024-12-15T07:34:18.805Z",
            "usefulness": 0
        }
    },
    {
        "model": "main.usefullink",
        "pk": 43,
        "fields": {
            "name": "скрипты учебных БД, к которым адресуются запросы в упражнени",
            "url": "https://sql-ex.ru/db_script_download.php?Lang=0",
            "description": "",
            "added": "2024-12-15T07:36:17.694Z",
            "usefulness": 0
        }
    },
    {
        "model": "main.usefullink",
        "pk": 44,
        "fields": {
            "name": "Демонстрационная база данных",
            "url": "https://postgrespro.ru/education/demodb",
            "description": "",
            "added": "2024-12-15T07:37:06.550Z",
            "usefulness": 0
        }
    },
    {
        "model": "main.usefullink",
        "pk": 45,
        "fields": {
            "name": "Курс лекций «Основы цифровой обработки сигналов»",
            "url": "https://habr.com/ru/articles/460445/",
            "description": "",
            "added": "2024-12-15T07:39:25.890Z",
            "usefulness": 0
        }
    },
    {
        "model": "main.usefullink",
        "pk": 46,
        "fields": {
            "name": "This HTML version of Think DSP is provided for convenience",
            "url": "https://greenteapress.com/thinkdsp/html/thinkdsp002.html#sec6",
            "description": "",
            "added": "2024-12-15T07:52:59.149Z",
            "usefulness": 0
        }
    },
    {
        "model": "main.usefullink",
        "pk": 47,
        "fields": {
            "name": "Открытый курс машинного обучения. Тема 1. Первичный анализ д",
            "url": "https://habr.com/ru/companies/ods/articles/322626/",
            "description": "",
            "added": "2024-12-15T07:54:05.551Z",
            "usefulness": 0
        }
    },
    {
        "model": "main.usefullink",
        "pk": 48,
        "fields": {
            "name": "Перевод книги Linux From Scratch",
            "url": "https://book.linuxfromscratch.ru/",
            "description": "",
            "added": "2024-12-15T07:55:11.566Z",
            "usefulness": 0
        }
    },
    {
        "model": "main.usefullink",
        "pk": 49,
        "fields": {
            "name": "debian",
            "url": "https://www.debian.org/doc/manuals/debmake-doc/debmake-doc.ru.pdf",
            "description": "",
            "added": "2024-12-15T07:56:11.048Z",
            "usefulness": 0
        }
    },
    {
        "model": "main.usefullink",
        "pk": 50,
        "fields": {
            "name": "Linux для себя",
            "url": "https://lx4u.ru/rel/stable/",
            "description": "",
            "added": "2024-12-15T07:57:45.878Z",
            "usefulness": 0
        }
    },
    {
        "model": "library.genre",
        "pk": 1,
        "fields": {
            "name": "Специальная литература"
        }
    },
    {
        "model": "library.genre",
        "pk": 2,
        "fields": {
            "name": "Математика"
        }
    },
    {
        "model": "library.genre",
        "pk": 3,
        "fields": {
            "name": "Информатика"
        }
    },
    {
        "model": "library.genre",
        "pk": 4,
        "fields": {
            "name": "Аппаратное обеспечение"
        }
    },
    {
        "model": "library.genre",
        "pk": 5,
        "fields": {
            "name": "Радиоэлектроника"
        }
    },
    {
        "model": "library.genre",
        "pk": 6,
        "fields": {
            "name": "Радиофизика"
        }
    },
    {
        "model": "library.book",
        "pk": 1,
        "fields": {
            "title": "основы радиотехники",
            "author": 1,
            "summary": "<p>Излагаются базовые сведения по методам расчета электронных схем, принципам работы, построения и применения основных электронных приборов, радиотехнических устройств, систем связи и телевидения, позволяющие понять, грамотно применить и объяснить работу современной радиоэлектронной аппаратуры.&nbsp;</p>\r\n<p>Для студентов нерадиотехнических специальностей.</p>",
            "isbn": "9785811407613",
            "genre": [
                1
            ]
        }
    },
    {
        "model": "library.book",
        "pk": 2,
        "fields": {
            "title": "Любовь и математика. Сердце скрытой реальности.",
            "author": 2,
            "summary": "<p>В этой книге известный математик открывает доселе скрытые стороны математики, позволяя нам увидеть в ней красоту и элегантность, свойственные только величайшим шедеврам. \"Математика это портал в неизведанный мир, ключ к пониманию глубинных тайн Вселенной и нас самих. Величайший математик приглашает всех нас в этот таинственный мир</p>",
            "isbn": "9785496011211",
            "genre": [
                1
            ]
        }
    },
    {
        "model": "library.book",
        "pk": 3,
        "fields": {
            "title": "Машины Тьюринга и рекурсивные функции",
            "author": 3,
            "summary": "<p>Этот коллективный труд немецких математиков содержит элементарное изложение теории Машин Тьюринга и рекурсивных функций - важного раздела современной математической логики, нашедшего широкое применение в кибернетике. Изложение ведется строго, но доступно, содержит много пояснений и примеров.</p>\r\n<p>Книгу прочтут с интересом читатели разных категорий, начиная от учащихся старших классов и кончая научными работниками.</p>",
            "isbn": "980223",
            "genre": [
                1,
                2
            ]
        }
    },
    {
        "model": "library.book",
        "pk": 4,
        "fields": {
            "title": "Python Graphics. A reference for creating 2D and 3D images",
            "author": 4,
            "summary": "<p>Раскрываются основные принципы компьютерной графики на примере Python и библиотеки numpy и matplotlib. Преобразования двумерных изображений. Трехмерные изображения, изометрия и перспектива. Трасировка лучей. Анимация.</p>",
            "isbn": "9781484233771",
            "genre": [
                1,
                3
            ]
        }
    },
    {
        "model": "library.book",
        "pk": 5,
        "fields": {
            "title": "Основы искусственного интеллекта в примерах на Python",
            "author": 5,
            "summary": "<p>Описаны инструментальные средства для разработки приложений искусственного интеллекта. Расмотрены вопросы программной реализации элементов нейронной сети и построения многослойных нейронных сетей. Электронное приложение архив.&nbsp;&nbsp;</p>",
            "isbn": "9785977567657",
            "genre": [
                1,
                3
            ]
        }
    },
    {
        "model": "library.book",
        "pk": 6,
        "fields": {
            "title": "USB Complete (2nd Edition)",
            "author": 6,
            "summary": "<div>The Universal Serial Bus (USB) is a fast and flexible interface for connecting</div>\r\n<div>devices to computers. Every new PC has at least a couple of USB ports. The</div>\r\n<div>interface is versatile enough to use with standard peripherals like keyboards</div>\r\n<div>and disk drives as well as more specialized devices, including one-of-a-kind</div>\r\n<div>designs. USB is designed from the ground up to be easy for end users, with</div>\r\n<div>no user configuring required in hardware or software.</div>",
            "isbn": "notISBN",
            "genre": [
                3,
                4
            ]
        }
    },
    {
        "model": "library.book",
        "pk": 7,
        "fields": {
            "title": "Хрестоматия радиолюбителя",
            "author": 7,
            "summary": "<p>Книга представляет собой учебное пособие для радиокружков</p>",
            "isbn": "434-70notISBN",
            "genre": [
                5
            ]
        }
    },
    {
        "model": "library.book",
        "pk": 8,
        "fields": {
            "title": "СПЕКТР СИГНАЛА",
            "author": 8,
            "summary": "<p>Учебно-методическое пособие &laquo;Спектр сигнала&raquo; предназначено<br>для самостоятельной подготовки студентов отделения &laquo;Радиофизика и<br>информационные системы&raquo; Института физики по соответствующим<br>разделам теоретического курса &laquo;Радиоэлектроника&raquo;. Пособие будет<br>полезно при работе в лабораториях кафедры радиофизики &laquo;Практикум по радиофизике и электронике&raquo; при выполнении лабораторной<br>работы &laquo;Амплитудные спектры сигналов&raquo;. А также в лаборатории<br>&laquo;Статистической радиофизики и цифровой обработки сигналов&raquo; при<br>выполнении лабораторной работы &laquo;Теорема Котельникова&raquo;. В пособии приводятся базовые положения спектрального анализа как аналоговых, так и дискретных сигналов. Обсуждается взаимосвязь<br>спектров различных классов сигналов. Отмечается преимущество<br>спектрального анализа перед временным анализом при синтезе линейных цепей с заданными частотными свойствами.</p>",
            "isbn": "УДК 621.391",
            "genre": [
                2,
                3,
                6
            ]
        }
    },
    {
        "model": "library.ebookinstance",
        "pk": "038702fd-9553-4001-83f1-a31753b80580",
        "fields": {
            "book": 5,
            "imprint": "БХВ-Питербург, 2021, УДК 004.8 ББК 32.813",
            "url": "https://disk.yandex.ru/i/vqv3Ubg9MdyzyQ",
            "count_load": 0
        }
    },
    {
        "model": "library.ebookinstance",
        "pk": "33affcc7-90bb-4e8f-8c40-fec9faa57506",
        "fields": {
            "book": 6,
            "imprint": "June 2001",
            "url": "https://disk.yandex.ru/i/0z55-MnNGwxGZg",
            "count_load": 0
        }
    },
    {
        "model": "library.ebookinstance",
        "pk": "540d3f09-7368-4bde-9b85-6e246bb40fda",
        "fields": {
            "book": 3,
            "imprint": "Издательство МИР, 1972 г., УДК 517.11",
            "url": "https://disk.yandex.ru/i/umPT1I86h5VB2Q",
            "count_load": 0
        }
    },
    {
        "model": "library.ebookinstance",
        "pk": "6dd51d8b-a924-429a-989a-dae4f12f8999",
        "fields": {
            "book": 2,
            "imprint": "ООО ПитерПресс, перевод Шикарева Е.",
            "url": "https://disk.yandex.ru/i/Oz63sHiFqg0RMQ",
            "count_load": 0
        }
    },
    {
        "model": "library.ebookinstance",
        "pk": "7fed383f-2235-4999-8c66-2c52daf9bac6",
        "fields": {
            "book": 1,
            "imprint": "Изд. Лань 2007 г. защищен авторским правом ББК 32.84",
            "url": "https://disk.yandex.ru/i/yYPobeMkS0QwRA",
            "count_load": 0
        }
    },
    {
        "model": "library.ebookinstance",
        "pk": "8ab3b7fb-7b31-4073-8d60-86c23592ffcf",
        "fields": {
            "book": 8,
            "imprint": "ФГАОУВПО Казанский (Приволжский) Федеральный университет 2014",
            "url": "https://disk.yandex.ru/i/yhBZuYvnD5v8tQ",
            "count_load": 0
        }
    },
    {
        "model": "library.ebookinstance",
        "pk": "d184b1d9-41e5-4387-bd72-0d2fa70c5a17",
        "fields": {
            "book": 7,
            "imprint": "Энергия 1971",
            "url": "https://disk.yandex.ru/i/8n_XPHYWnnIkMg",
            "count_load": 0
        }
    },
    {
        "model": "library.ebookinstance",
        "pk": "f12b9a3a-3f5f-46b4-8d69-67617caf1308",
        "fields": {
            "book": 4,
            "imprint": "appress, 2018, Massachusetts",
            "url": "https://disk.yandex.ru/i/28PxoesNC5NEIQ",
            "count_load": 0
        }
    },
    {
        "model": "library.author",
        "pk": 1,
        "fields": {
            "name": "Догадин Н.Б.",
            "date_of_birth": null,
            "date_of_death": null
        }
    },
    {
        "model": "library.author",
        "pk": 2,
        "fields": {
            "name": "Френкель Эдуард",
            "date_of_birth": null,
            "date_of_death": null
        }
    },
    {
        "model": "library.author",
        "pk": 3,
        "fields": {
            "name": "Эббинхауз Г.-Д., Якобс К., Ман Ф.-К. Хермес Г.",
            "date_of_birth": null,
            "date_of_death": null
        }
    },
    {
        "model": "library.author",
        "pk": 4,
        "fields": {
            "name": "Korites B.J.",
            "date_of_birth": null,
            "date_of_death": null
        }
    },
    {
        "model": "library.author",
        "pk": 5,
        "fields": {
            "name": "Анатолий Постолит",
            "date_of_birth": null,
            "date_of_death": null
        }
    },
    {
        "model": "library.author",
        "pk": 6,
        "fields": {
            "name": "Jan Axelson",
            "date_of_birth": null,
            "date_of_death": null
        }
    },
    {
        "model": "library.author",
        "pk": 7,
        "fields": {
            "name": "Бурлянд В.А.",
            "date_of_birth": null,
            "date_of_death": null
        }
    },
    {
        "model": "library.author",
        "pk": 8,
        "fields": {
            "name": "Бойко Б.П.",
            "date_of_birth": null,
            "date_of_death": null
        }
    }
]