[{"model": "service.course", "pk": 1, "fields": {"title": "Базы данных", "description": "Основной курс читаемый в колледже. \r\nЯвляется базовым знанием для программистов и аналитиков.\r\nПолученные знания являются основой для других актуальных направлениях в деятельности программистов: ORM, сайтостроение, анализ данных, искусственный интеллект.", "icon": "dbcourse.png", "file": "", "skills": [137, 138, 139, 140, 141, 142, 143, 144, 145, 146]}}, {"model": "service.course", "pk": 2, "fields": {"title": "django 5 основа", "description": "Курс создания простого сайта на примерах:  великие люди, опрос, библиотека.\r\nМатериалы вязы из учебного курса самого django, mozilla, digitocean\r\nИзучаются основные действия и понятия фреймворка: ORM, маршрутизатор, представление, шаблоны.", "icon": "django_icon.png", "file": "", "skills": []}}, {"model": "service.course", "pk": 3, "fields": {"title": "django 5 лучшие практики", "description": "Создание реального проекта на примере блога самозанятого. Лучшие практики. Решение частых задач при написании сайтов: меню, капча, OAuth, подписки, экваринг, кэширование, отложенные задачи.", "icon": "djhard.png", "file": "", "skills": []}}, {"model": "service.chapterlesson", "pk": 1, "fields": {"number": 1, "title": "Основные понятия баз данных", "course": 1, "description": "Раскрыть краткую историю баз данных. Какие бывают базы данных. Понятие модели данных. Реляционные и не реляционные базы данных. Виды реляционных баз данных. Структурная и функциональные алгоритмы работы БД. Технология работы с базой данных. Понятие система управления базой данных. Команды управления и запросы."}}, {"model": "service.chapterlesson", "pk": 2, "fields": {"number": 2, "title": "Взаимосвязи в моделях и реляционный подход к построению моделей", "course": 1, "description": "Раскрыть такие понятия как структура данных, целостность данных, Требования ACID, уровни абстракции БД, понятие реляционной алгебры. Логическая и физическая независимость данных. Практическая работа с разными базами данных, и форматами данных."}}, {"model": "service.chapterlesson", "pk": 3, "fields": {"number": 3, "title": "Этапы проектирования баз данных", "course": 1, "description": "Понятие нормализации. основные этапы проектирования базы данных на примере файловой однопользовательской и клиент-серверной многопользовательской баз данных. Практика нормализации. Понятие Ключ, связи один ко многим, один к одному, многие ко многим, разряженность таблицы, дублирование. Типы данных. Схема базы данных."}}, {"model": "service.chapterlesson", "pk": 4, "fields": {"number": 4, "title": "Организация запросов SQL", "course": 1, "description": "Язык SQL. Все запросы делятся на четыре группы: DDL, DML, DCL и TCL. Практика работы с SQL."}}, {"model": "service.chapterlesson", "pk": 5, "fields": {"number": 5, "title": "Проектирование структур баз данных", "course": 1, "description": "Средства проектирования и упращения работы с БД. Оптимизация и эффективность запросов. Диагностика работы БД. Администрирование БД."}}, {"model": "service.lesson", "pk": 1, "fields": {"num": 1, "title": "Модели данных", "description": "Типы данных. Как можно представить данные о окружающем мире в компьютере. Понятие модель.", "content": "", "chapter": 1, "typelesson": "remember", "hour": 1}}, {"model": "service.skill", "pk": 1, "fields": {"skilltype": "knowledge", "title": "основные этапы разработки программного обеспечения;"}}, {"model": "service.skill", "pk": 2, "fields": {"skilltype": "knowledge", "title": "основные принципы технологии структурного и объектно-ориентированного программирования;"}}, {"model": "service.skill", "pk": 3, "fields": {"skilltype": "knowledge", "title": "способы оптимизации и приемы рефакторинга;"}}, {"model": "service.skill", "pk": 4, "fields": {"skilltype": "knowledge", "title": "основные принципы отладки и тестирования программных продуктов,"}}, {"model": "service.skill", "pk": 5, "fields": {"skilltype": "ability", "title": "осуществлять разработку кода программного модуля на языках низкого и высокого уровней;"}}, {"model": "service.skill", "pk": 6, "fields": {"skilltype": "ability", "title": "создавать программу по разработанному алгоритму как отдельный модуль;"}}, {"model": "service.skill", "pk": 7, "fields": {"skilltype": "ability", "title": "выполнять отладку и тестирование программы на уровне модуля;"}}, {"model": "service.skill", "pk": 8, "fields": {"skilltype": "ability", "title": "осуществлять разработку кода программного модуля на современных языках программирования;"}}, {"model": "service.skill", "pk": 9, "fields": {"skilltype": "ability", "title": "выполнять оптимизацию и рефакторинг программного кода;"}}, {"model": "service.skill", "pk": 10, "fields": {"skilltype": "ability", "title": "оформлять документацию на программные средства."}}, {"model": "service.skill", "pk": 11, "fields": {"skilltype": "experience", "title": "разработке кода программного продукта на основе готовой спецификации на уровне модуля;"}}, {"model": "service.skill", "pk": 12, "fields": {"skilltype": "experience", "title": "использовании инструментальных средств на этапе отладки программного продукта;"}}, {"model": "service.skill", "pk": 13, "fields": {"skilltype": "experience", "title": "проведении тестирования программного модуля по определенному сценарию;"}}, {"model": "service.skill", "pk": 14, "fields": {"skilltype": "experience", "title": "разработке мобильных приложений."}}, {"model": "service.skill", "pk": 15, "fields": {"skilltype": "knowledge", "title": "модели процесса разработки программного обеспечения;"}}, {"model": "service.skill", "pk": 16, "fields": {"skilltype": "knowledge", "title": "основные принципы процесса разработки программного обеспечения;"}}, {"model": "service.skill", "pk": 17, "fields": {"skilltype": "knowledge", "title": "основные подходы к интегрированию программных модулей;"}}, {"model": "service.skill", "pk": 18, "fields": {"skilltype": "knowledge", "title": "основы верификации и аттестации программного обеспечения."}}, {"model": "service.skill", "pk": 19, "fields": {"skilltype": "ability", "title": "использовать выбранную систему контроля версий;"}}, {"model": "service.skill", "pk": 20, "fields": {"skilltype": "ability", "title": "использовать методы для получения кода с заданной функциональностью и степенью качества."}}, {"model": "service.skill", "pk": 21, "fields": {"skilltype": "experience", "title": "интеграции модулей в программное обеспечение;"}}, {"model": "service.skill", "pk": 22, "fields": {"skilltype": "experience", "title": "отладке программных модулей."}}, {"model": "service.skill", "pk": 23, "fields": {"skilltype": "knowledge", "title": "задачи планирования и контроля развития проекта"}}, {"model": "service.skill", "pk": 24, "fields": {"skilltype": "knowledge", "title": "принципы построения системы деятельностей программного проекта"}}, {"model": "service.skill", "pk": 25, "fields": {"skilltype": "knowledge", "title": "современные стандарты качества программного продукта и процессов его обеспечения"}}, {"model": "service.skill", "pk": 26, "fields": {"skilltype": "ability", "title": "работать с проектной документацией, разработанной с использованием графических языков спецификаций"}}, {"model": "service.skill", "pk": 27, "fields": {"skilltype": "ability", "title": "выполнять оптимизацию программного кода с использованием специализированных программных средств"}}, {"model": "service.skill", "pk": 28, "fields": {"skilltype": "ability", "title": "использовать методы и технологии тестирования и ревьюирования кода и проектной документации"}}, {"model": "service.skill", "pk": 29, "fields": {"skilltype": "ability", "title": "применять стандартные метрики по прогнозированию затрат, сроков и качества"}}, {"model": "service.skill", "pk": 30, "fields": {"skilltype": "experience", "title": "измерении характеристик программного проекта"}}, {"model": "service.skill", "pk": 31, "fields": {"skilltype": "experience", "title": "использовании основных методологий процессов разработки программного обеспечения"}}, {"model": "service.skill", "pk": 32, "fields": {"skilltype": "experience", "title": "оптимизации программного кода с использованием специализированных программных средств."}}, {"model": "service.skill", "pk": 33, "fields": {"skilltype": "knowledge", "title": "основные методы и средства эффективного анализа функционирования программного обеспечения"}}, {"model": "service.skill", "pk": 34, "fields": {"skilltype": "knowledge", "title": "основные виды работ на этапе сопровождения программного обеспечения"}}, {"model": "service.skill", "pk": 35, "fields": {"skilltype": "knowledge", "title": "основные принципы контроля конфигурации и поддержки целостности конфигурации программного обеспечения"}}, {"model": "service.skill", "pk": 36, "fields": {"skilltype": "knowledge", "title": "средства защиты программного обеспечения в компьютерных системах"}}, {"model": "service.skill", "pk": 37, "fields": {"skilltype": "ability", "title": "подбирать и настраивать конфигурацию программного обеспечения компьютерных систем"}}, {"model": "service.skill", "pk": 38, "fields": {"skilltype": "ability", "title": "использовать методы защиты программного обеспечения компьютерных систем"}}, {"model": "service.skill", "pk": 39, "fields": {"skilltype": "ability", "title": "проводить инсталляцию программного обеспечения компьютерных систем"}}, {"model": "service.skill", "pk": 40, "fields": {"skilltype": "ability", "title": "производить настройку отдельных компонентов программного обеспечения компьютерных систем"}}, {"model": "service.skill", "pk": 41, "fields": {"skilltype": "ability", "title": "анализировать риски и характеристики качества программного обеспечения"}}, {"model": "service.skill", "pk": 42, "fields": {"skilltype": "experience", "title": "настройке отдельных компонентов программного обеспечения компьютерных систем"}}, {"model": "service.skill", "pk": 43, "fields": {"skilltype": "experience", "title": "выполнении отдельных видов работ на этапе поддержки программного обеспечения компьютерной системы"}}, {"model": "service.skill", "pk": 44, "fields": {"skilltype": "knowledge", "title": "основные виды и процедуры обработки информации, модели и методы решения задач обработки информации"}}, {"model": "service.skill", "pk": 45, "fields": {"skilltype": "knowledge", "title": "основные платформы для создания, исполнения и управления информационной системой"}}, {"model": "service.skill", "pk": 46, "fields": {"skilltype": "knowledge", "title": "основные процессы управления проектом разработки"}}, {"model": "service.skill", "pk": 47, "fields": {"skilltype": "knowledge", "title": "основные модели построения информационных систем, их структуру, особенности и области применения"}}, {"model": "service.skill", "pk": 48, "fields": {"skilltype": "knowledge", "title": "методы и средства проектирования, разработки и тестирования информационных систем"}}, {"model": "service.skill", "pk": 49, "fields": {"skilltype": "knowledge", "title": "систему стандартизации, сертификации и систему обеспечения качества продукции"}}, {"model": "service.skill", "pk": 50, "fields": {"skilltype": "ability", "title": "осуществлять постановку задач по обработке информации"}}, {"model": "service.skill", "pk": 51, "fields": {"skilltype": "ability", "title": "проводить анализ предметной области"}}, {"model": "service.skill", "pk": 52, "fields": {"skilltype": "ability", "title": "осуществлять выбор модели и средства построения информационной системы и программных средств"}}, {"model": "service.skill", "pk": 53, "fields": {"skilltype": "ability", "title": "использовать алгоритмы обработки информации для различных приложений"}}, {"model": "service.skill", "pk": 54, "fields": {"skilltype": "ability", "title": "решать прикладные вопросы программирования и языка сценариев для создания программ"}}, {"model": "service.skill", "pk": 55, "fields": {"skilltype": "ability", "title": "разрабатывать графический интерфейс приложения"}}, {"model": "service.skill", "pk": 56, "fields": {"skilltype": "ability", "title": "создавать и управлять проектом по разработке приложения"}}, {"model": "service.skill", "pk": 57, "fields": {"skilltype": "ability", "title": "проектировать и разрабатывать систему по заданным требованиям и спецификациям"}}, {"model": "service.skill", "pk": 58, "fields": {"skilltype": "experience", "title": "управлении процессом разработки приложений с использованием инструментальных средств"}}, {"model": "service.skill", "pk": 59, "fields": {"skilltype": "experience", "title": "обеспечении сбора данных для анализа использования и функционирования информационной системы;"}}, {"model": "service.skill", "pk": 60, "fields": {"skilltype": "experience", "title": "программировании в соответствии с требованиями технического задания"}}, {"model": "service.skill", "pk": 61, "fields": {"skilltype": "experience", "title": "использовании критериев оценки качества и надежности функционирования информационной системы"}}, {"model": "service.skill", "pk": 62, "fields": {"skilltype": "experience", "title": "применении методики тестирования разрабатываемых приложений"}}, {"model": "service.skill", "pk": 63, "fields": {"skilltype": "experience", "title": "определении состава оборудования и программных средств разработки информационной системы"}}, {"model": "service.skill", "pk": 64, "fields": {"skilltype": "experience", "title": "разработке документации по эксплуатации информационной системы"}}, {"model": "service.skill", "pk": 65, "fields": {"skilltype": "experience", "title": "проведении оценки качества и экономической эффективности информационной системы в рамках своей компетенции"}}, {"model": "service.skill", "pk": 66, "fields": {"skilltype": "experience", "title": "модификации отдельных модулей информационной системы"}}, {"model": "service.skill", "pk": 67, "fields": {"skilltype": "knowledge", "title": "регламенты и нормы по обновлению и техническому сопровождению обслуживаемой информационной системы"}}, {"model": "service.skill", "pk": 68, "fields": {"skilltype": "knowledge", "title": "политику безопасности в современных информационных системах"}}, {"model": "service.skill", "pk": 69, "fields": {"skilltype": "knowledge", "title": "достижения мировой и отечественной информатики в области интеллектуализации информационных систем"}}, {"model": "service.skill", "pk": 70, "fields": {"skilltype": "knowledge", "title": "принципы работы экспертных систем"}}, {"model": "service.skill", "pk": 71, "fields": {"skilltype": "ability", "title": "осуществлять настройку информационной системы для пользователя согласно технической документации"}}, {"model": "service.skill", "pk": 72, "fields": {"skilltype": "ability", "title": "применять основные правила и документы системы сертификации Российской Федерации"}}, {"model": "service.skill", "pk": 73, "fields": {"skilltype": "ability", "title": "применять основные технологии экспертных систем"}}, {"model": "service.skill", "pk": 74, "fields": {"skilltype": "ability", "title": "разрабатывать обучающие материалы для пользователей по эксплуатации информационных систем"}}, {"model": "service.skill", "pk": 75, "fields": {"skilltype": "experience", "title": "инсталляции, настройка и сопровождение информационной системы"}}, {"model": "service.skill", "pk": 76, "fields": {"skilltype": "experience", "title": "выполнении регламентов по обновлению, техническому сопровождению и восстановлению данных информационной системы"}}, {"model": "service.skill", "pk": 77, "fields": {"skilltype": "knowledge", "title": "модели данных, основные операции и ограничения"}}, {"model": "service.skill", "pk": 78, "fields": {"skilltype": "knowledge", "title": "технологию установки и настройки сервера баз данных"}}, {"model": "service.skill", "pk": 79, "fields": {"skilltype": "knowledge", "title": "требования к безопасности сервера базы данных"}}, {"model": "service.skill", "pk": 80, "fields": {"skilltype": "knowledge", "title": "государственные стандарты и требования к обслуживанию баз данных"}}, {"model": "service.skill", "pk": 81, "fields": {"skilltype": "ability", "title": "проектировать и создавать базы данных"}}, {"model": "service.skill", "pk": 82, "fields": {"skilltype": "ability", "title": "выполнять запросы по обработке данных на языке SQL"}}, {"model": "service.skill", "pk": 83, "fields": {"skilltype": "ability", "title": "осуществлять основные функции по администрированию баз данных"}}, {"model": "service.skill", "pk": 84, "fields": {"skilltype": "ability", "title": "разрабатывать политику безопасности SQL сервера, базы данных и отдельных объектов базы данных"}}, {"model": "service.skill", "pk": 85, "fields": {"skilltype": "ability", "title": "владеть технологиями проведения сертификации программного средства"}}, {"model": "service.skill", "pk": 86, "fields": {"skilltype": "experience", "title": "участии в соадминистрировании серверов"}}, {"model": "service.skill", "pk": 87, "fields": {"skilltype": "experience", "title": "разработке политики безопасности SQL сервера, базы данных и отдельных объектов базы данных"}}, {"model": "service.skill", "pk": 88, "fields": {"skilltype": "experience", "title": "применении законодательства Российской Федерации в области сертификации программных средств информационных технологий"}}, {"model": "service.skill", "pk": 89, "fields": {"skilltype": "knowledge", "title": "нормы и правила выбора стилистических решений"}}, {"model": "service.skill", "pk": 90, "fields": {"skilltype": "knowledge", "title": "современные методики разработки графического интерфейса"}}, {"model": "service.skill", "pk": 91, "fields": {"skilltype": "knowledge", "title": "требования и нормы подготовки и использования изображений в информационно-телекоммуникационной сети \"Интернет\" (далее - сеть Интернет)"}}, {"model": "service.skill", "pk": 92, "fields": {"skilltype": "knowledge", "title": "государственные стандарты и требования к разработке дизайна веб-приложений"}}, {"model": "service.skill", "pk": 93, "fields": {"skilltype": "ability", "title": "создавать, использовать и оптимизировать изображения для веб-приложений"}}, {"model": "service.skill", "pk": 94, "fields": {"skilltype": "ability", "title": "выбирать наиболее подходящее для целевого рынка дизайнерское решение"}}, {"model": "service.skill", "pk": 95, "fields": {"skilltype": "ability", "title": "создавать дизайн с применением промежуточных эскизов, требований к эргономике и технической эстетике"}}, {"model": "service.skill", "pk": 96, "fields": {"skilltype": "ability", "title": "разрабатывать интерфейс пользователя для веб-приложений с использованием современных стандартов"}}, {"model": "service.skill", "pk": 97, "fields": {"skilltype": "experience", "title": "разработке дизайна веб-приложений в соответствии со стандартами и требованиями заказчика"}}, {"model": "service.skill", "pk": 98, "fields": {"skilltype": "experience", "title": "создании, использовании и оптимизировании изображений для веб-приложений"}}, {"model": "service.skill", "pk": 99, "fields": {"skilltype": "experience", "title": "разработке интерфейса пользователя для веб-приложений с использованием современных стандартов"}}, {"model": "service.skill", "pk": 100, "fields": {"skilltype": "knowledge", "title": "языки программирования и разметки для разработки клиентской и серверной части веб-приложений"}}, {"model": "service.skill", "pk": 101, "fields": {"skilltype": "knowledge", "title": "принципы функционирования поисковых сервисов и особенности оптимизации веб-приложений под них"}}, {"model": "service.skill", "pk": 102, "fields": {"skilltype": "knowledge", "title": "принципы проектирования и разработки информационных систем"}}, {"model": "service.skill", "pk": 103, "fields": {"skilltype": "ability", "title": "разрабатывать программный код клиентской и серверной части веб-приложений"}}, {"model": "service.skill", "pk": 104, "fields": {"skilltype": "ability", "title": "осуществлять оптимизацию веб-приложения с целью повышения его рейтинга в сети Интернет"}}, {"model": "service.skill", "pk": 105, "fields": {"skilltype": "ability", "title": "разрабатывать и проектировать информационные системы"}}, {"model": "service.skill", "pk": 106, "fields": {"skilltype": "experience", "title": "использовании специальных готовых технических решений при разработке веб-приложений"}}, {"model": "service.skill", "pk": 107, "fields": {"skilltype": "experience", "title": "выполнении разработки и проектирования информационных систем"}}, {"model": "service.skill", "pk": 108, "fields": {"skilltype": "experience", "title": "модернизации веб-приложений с учетом правил и норм подготовки информации для поисковых систем"}}, {"model": "service.skill", "pk": 109, "fields": {"skilltype": "experience", "title": "реализации мероприятий по продвижению веб-приложений в сети Интернет"}}, {"model": "service.skill", "pk": 110, "fields": {"skilltype": "knowledge", "title": "требования к различным типам информационных ресурсов для представления информации в сети Интернет"}}, {"model": "service.skill", "pk": 111, "fields": {"skilltype": "knowledge", "title": "законодательство о работе сети Интернет"}}, {"model": "service.skill", "pk": 112, "fields": {"skilltype": "knowledge", "title": "принципы и механизмы работы поисковых систем, функциональные возможности сервисов поиска"}}, {"model": "service.skill", "pk": 113, "fields": {"skilltype": "ability", "title": "подготавливать и обрабатывать цифровую информацию"}}, {"model": "service.skill", "pk": 114, "fields": {"skilltype": "ability", "title": "размещать цифровую информацию на информационных ресурсах согласно правилам и регламентам"}}, {"model": "service.skill", "pk": 115, "fields": {"skilltype": "ability", "title": "осуществлять поиск информации в сети Интернет различными методами"}}, {"model": "service.skill", "pk": 116, "fields": {"skilltype": "ability", "title": "осуществлять оптимизацию контента для эффективной индексации поисковыми системами"}}, {"model": "service.skill", "pk": 117, "fields": {"skilltype": "experience", "title": "обработке и публикации статического и динамического контента"}}, {"model": "service.skill", "pk": 118, "fields": {"skilltype": "experience", "title": "настройке внутренних связей между информационными блоками/страницами в системе управления контентом"}}, {"model": "service.skill", "pk": 119, "fields": {"skilltype": "knowledge", "title": "основные положения теории баз данных, хранилищ данных, баз знаний"}}, {"model": "service.skill", "pk": 120, "fields": {"skilltype": "knowledge", "title": "основные принципы структуризации и нормализации базы данных"}}, {"model": "service.skill", "pk": 121, "fields": {"skilltype": "knowledge", "title": "основные принципы построения концептуальной, логической и физической модели данных"}}, {"model": "service.skill", "pk": 122, "fields": {"skilltype": "knowledge", "title": "методы описания схем баз данных в современных системах управления базами данных"}}, {"model": "service.skill", "pk": 123, "fields": {"skilltype": "knowledge", "title": "структуры данных систем управления базами данных, общий подход к организации представлений, таблиц, индексов и кластеров"}}, {"model": "service.skill", "pk": 124, "fields": {"skilltype": "knowledge", "title": "методы организации целостности данных;"}}, {"model": "service.skill", "pk": 125, "fields": {"skilltype": "knowledge", "title": "способы контроля доступа к данным и управления привилегиями"}}, {"model": "service.skill", "pk": 126, "fields": {"skilltype": "knowledge", "title": "основные методы и средства защиты данных в базах данных"}}, {"model": "service.skill", "pk": 127, "fields": {"skilltype": "ability", "title": "работать с современными case-средствами проектирования баз данных"}}, {"model": "service.skill", "pk": 128, "fields": {"skilltype": "ability", "title": "проектировать логическую и физическую схемы базы данных"}}, {"model": "service.skill", "pk": 129, "fields": {"skilltype": "ability", "title": "создавать хранимые процедуры и триггеры на базах данных"}}, {"model": "service.skill", "pk": 130, "fields": {"skilltype": "ability", "title": "применять стандартные методы для защиты объектов базы данных"}}, {"model": "service.skill", "pk": 131, "fields": {"skilltype": "ability", "title": "выполнять стандартные процедуры резервного копирования и мониторинга выполнения этой процедуры"}}, {"model": "service.skill", "pk": 132, "fields": {"skilltype": "ability", "title": "выполнять процедуру восстановления базы данных и вести мониторинг выполнения этой процедуры"}}, {"model": "service.skill", "pk": 133, "fields": {"skilltype": "ability", "title": "обеспечивать информационную безопасность на уровне базы данных"}}, {"model": "service.skill", "pk": 134, "fields": {"skilltype": "experience", "title": "работе с объектами базы данных в конкретной системе управления базами данных"}}, {"model": "service.skill", "pk": 135, "fields": {"skilltype": "experience", "title": "использовании стандартных методов защиты объектов базы данных"}}, {"model": "service.skill", "pk": 136, "fields": {"skilltype": "experience", "title": "работе с документами отраслевой направленности"}}, {"model": "service.skill", "pk": 137, "fields": {"skilltype": "knowledge", "title": "основы теории БД"}}, {"model": "service.skill", "pk": 138, "fields": {"skilltype": "knowledge", "title": "модели данных"}}, {"model": "service.skill", "pk": 139, "fields": {"skilltype": "knowledge", "title": "особенности реляционной модели и проектирования базы данных"}}, {"model": "service.skill", "pk": 140, "fields": {"skilltype": "knowledge", "title": "ER-моделирование"}}, {"model": "service.skill", "pk": 141, "fields": {"skilltype": "knowledge", "title": "Основы реляционной алгебры"}}, {"model": "service.skill", "pk": 142, "fields": {"skilltype": "knowledge", "title": "Принцип проектирования БД"}}, {"model": "service.skill", "pk": 143, "fields": {"skilltype": "experience", "title": "Принципы обеспечения непротиворечивости и целостности данных"}}, {"model": "service.skill", "pk": 144, "fields": {"skilltype": "knowledge", "title": "язык запросов SQL"}}, {"model": "service.skill", "pk": 145, "fields": {"skilltype": "ability", "title": "проектировать БД"}}, {"model": "service.skill", "pk": 146, "fields": {"skilltype": "ability", "title": "использовать язык SQL"}}, {"model": "service.competetiontype", "pk": 1, "fields": {"cod": "ОК", "transcript": "общие компетенции"}}, {"model": "service.competetiontype", "pk": 2, "fields": {"cod": "ПК", "transcript": "Профессиональные компетенции"}}, {"model": "service.activitetype", "pk": 1, "fields": {"name": "Разработка модулей программного обеспечения для компьютерных систем", "skills": []}}, {"model": "service.activitetype", "pk": 2, "fields": {"name": "Осуществление интеграции программных модулей", "skills": [15, 16, 17, 18, 19, 20, 21, 22]}}, {"model": "service.activitetype", "pk": 3, "fields": {"name": "Ревьюирование программных продуктов", "skills": [23, 24, 25, 26, 27, 28, 29, 30, 31, 32]}}, {"model": "service.activitetype", "pk": 4, "fields": {"name": "Сопровождение и обслуживание программного обеспечения компьютерных систем", "skills": [33, 34, 35, 36, 37, 38, 39, 40, 41, 42, 43]}}, {"model": "service.activitetype", "pk": 5, "fields": {"name": "Проектирование и разработка информационных систем", "skills": [44, 45, 46, 47, 48, 49, 50, 51, 52, 53, 54, 55, 56, 57, 58, 59, 60, 61, 62, 63, 64, 65, 66]}}, {"model": "service.activitetype", "pk": 6, "fields": {"name": "Сопровождение информационных систем", "skills": []}}, {"model": "service.activitetype", "pk": 7, "fields": {"name": "Соадминистрирование баз данных и серверов", "skills": []}}, {"model": "service.activitetype", "pk": 8, "fields": {"name": "Разработка дизайна веб-приложений", "skills": []}}, {"model": "service.activitetype", "pk": 9, "fields": {"name": "Проектирование, разработка и оптимизация веб-приложений", "skills": []}}, {"model": "service.activitetype", "pk": 10, "fields": {"name": "Администрирование информационных ресурсов", "skills": []}}, {"model": "service.activitetype", "pk": 11, "fields": {"name": "Разработка, администрирование и защита баз данных", "skills": [1, 2, 3, 4, 5, 6, 7, 8, 9, 10, 11, 12, 13, 14]}}, {"model": "service.competetion", "pk": 1, "fields": {"cod": "01", "typecompetetion": 1, "description": "Выбирать способы решения задач профессиональной деятельности, применительно к различным контекстам", "activite": null}}, {"model": "service.competetion", "pk": 2, "fields": {"cod": "02", "typecompetetion": 1, "description": "Осуществлять поиск, анализ и интерпретацию информации, необходимой для выполнения задач профессиональной деятельности.", "activite": null}}, {"model": "service.competetion", "pk": 3, "fields": {"cod": "03", "typecompetetion": 1, "description": "Планировать и реализовывать собственное профессиональное и личностное развитие.", "activite": null}}, {"model": "service.competetion", "pk": 4, "fields": {"cod": "04", "typecompetetion": 1, "description": "Работать в коллективе и команде, эффективно взаимодействовать с коллегами, руководством, клиентами.", "activite": null}}, {"model": "service.competetion", "pk": 5, "fields": {"cod": "05", "typecompetetion": 1, "description": "Осуществлять устную и письменную коммуникацию на государственном языке с учетом особенностей социального и культурного контекста.", "activite": null}}, {"model": "service.competetion", "pk": 6, "fields": {"cod": "06", "typecompetetion": 1, "description": "Проявлять гражданско-патриотическую позицию, демонстрировать осознанное поведение на основе традиционных общечеловеческих ценностей, применять стандарты антикоррупционного поведения.", "activite": null}}, {"model": "service.competetion", "pk": 7, "fields": {"cod": "07", "typecompetetion": 1, "description": "Содействовать сохранению окружающей среды, ресурсосбережению, эффективно действовать в чрезвычайных ситуациях.", "activite": null}}, {"model": "service.competetion", "pk": 8, "fields": {"cod": "08", "typecompetetion": 1, "description": "Использовать средства физической культуры для сохранения и укрепления здоровья в процессе профессиональной деятельности и поддержания необходимого уровня физической подготовленности.", "activite": null}}, {"model": "service.competetion", "pk": 9, "fields": {"cod": "09", "typecompetetion": 1, "description": "Использовать информационные технологии в профессиональной деятельности.", "activite": null}}, {"model": "service.competetion", "pk": 10, "fields": {"cod": "10", "typecompetetion": 1, "description": "Пользоваться профессиональной документацией на государственном и иностранном языках.", "activite": null}}, {"model": "service.competetion", "pk": 11, "fields": {"cod": "11", "typecompetetion": 1, "description": "Использовать знания по финансовой грамотности, планировать предпринимательскую деятельность в профессиональной сфере.", "activite": null}}, {"model": "service.competetion", "pk": 12, "fields": {"cod": "1.1", "typecompetetion": 2, "description": "Формировать алгоритмы разработки программных модулей в соответствии с техническим заданием.", "activite": 1}}, {"model": "service.competetion", "pk": 13, "fields": {"cod": "1.2", "typecompetetion": 2, "description": "Разрабатывать программные модули в соответствии с техническим заданием.", "activite": 1}}, {"model": "service.competetion", "pk": 14, "fields": {"cod": "1.3", "typecompetetion": 2, "description": "Выполнять отладку программных модулей с использованием специализированных программных средств.", "activite": 1}}, {"model": "service.competetion", "pk": 15, "fields": {"cod": "1.4", "typecompetetion": 2, "description": "Выполнять тестирование программных модулей.", "activite": 1}}, {"model": "service.competetion", "pk": 16, "fields": {"cod": "1.5", "typecompetetion": 2, "description": "Осуществлять рефакторинг и оптимизацию программного кода.", "activite": 1}}, {"model": "service.competetion", "pk": 17, "fields": {"cod": "1.6", "typecompetetion": 2, "description": "Разрабатывать модули программного обеспечения для мобильных платформ.", "activite": 1}}, {"model": "service.competetion", "pk": 18, "fields": {"cod": "2.1", "typecompetetion": 2, "description": "Разрабатывать требования к программным модулям на основе анализа проектной и технической документации на предмет взаимодействия компонент.", "activite": 2}}, {"model": "service.competetion", "pk": 19, "fields": {"cod": "2.2", "typecompetetion": 2, "description": "Выполнять интеграцию модулей в программное обеспечение.", "activite": 2}}, {"model": "service.competetion", "pk": 20, "fields": {"cod": "2.3", "typecompetetion": 2, "description": "Выполнять отладку программного модуля с использованием специализированных программных средств.", "activite": 2}}, {"model": "service.competetion", "pk": 21, "fields": {"cod": "2.4", "typecompetetion": 2, "description": "Осуществлять разработку тестовых наборов и тестовых сценариев для программного обеспечения.", "activite": 2}}, {"model": "service.competetion", "pk": 22, "fields": {"cod": "2.5", "typecompetetion": 2, "description": "Производить инспектирование компонент программного обеспечения на предмет соответствия стандартам кодирования.", "activite": 2}}, {"model": "service.competetion", "pk": 23, "fields": {"cod": "3.1", "typecompetetion": 2, "description": "Осуществлять ревьюирование программного кода в соответствии с технической документацией.", "activite": 3}}, {"model": "service.competetion", "pk": 24, "fields": {"cod": "3.2", "typecompetetion": 2, "description": "Выполнять процесс измерения характеристик компонент программного продукта для определения соответствия заданным критериям.", "activite": 3}}, {"model": "service.competetion", "pk": 25, "fields": {"cod": "3.3", "typecompetetion": 2, "description": "Производить исследование созданного программного кода с использованием специализированных программных средств с целью выявления ошибок и отклонения от алгоритма.", "activite": 3}}, {"model": "service.competetion", "pk": 26, "fields": {"cod": "3.4", "typecompetetion": 2, "description": "Проводить сравнительный анализ программных продуктов и средств разработки, с целью выявления наилучшего решения согласно критериям, определенным техническим заданием.", "activite": 3}}, {"model": "service.competetion", "pk": 27, "fields": {"cod": "4.1", "typecompetetion": 2, "description": "Осуществлять инсталляцию, настройку и обслуживание программного обеспечения компьютерных систем.", "activite": 4}}, {"model": "service.competetion", "pk": 28, "fields": {"cod": "4.2", "typecompetetion": 2, "description": "Осуществлять измерения эксплуатационных характеристик программного обеспечения компьютерных систем.", "activite": 4}}, {"model": "service.competetion", "pk": 29, "fields": {"cod": "4.3", "typecompetetion": 2, "description": "Выполнять работы по модификации отдельных компонент программного обеспечения в соответствии с потребностями заказчика.", "activite": 4}}, {"model": "service.competetion", "pk": 30, "fields": {"cod": "4.4", "typecompetetion": 2, "description": "Обеспечивать защиту программного обеспечения компьютерных систем программными средствами.", "activite": 4}}, {"model": "service.competetion", "pk": 31, "fields": {"cod": "5.1", "typecompetetion": 2, "description": "Собирать исходные данные для разработки проектной документации на информационную систему.", "activite": 5}}, {"model": "service.competetion", "pk": 32, "fields": {"cod": "5.2", "typecompetetion": 2, "description": "Разрабатывать проектную документацию на разработку информационной системы в соответствии с требованиями заказчика.", "activite": 5}}, {"model": "service.competetion", "pk": 33, "fields": {"cod": "5.3", "typecompetetion": 2, "description": "Разрабатывать подсистемы безопасности информационной системы в соответствии с техническим заданием.", "activite": 5}}, {"model": "service.competetion", "pk": 34, "fields": {"cod": "5.4", "typecompetetion": 2, "description": "Производить разработку модулей информационной системы в соответствии с техническим заданием.", "activite": 5}}, {"model": "service.competetion", "pk": 35, "fields": {"cod": "5.5", "typecompetetion": 2, "description": "Осуществлять тестирование информационной системы на этапе опытной эксплуатации с фиксацией выявленных ошибок кодирования в разрабатываемых модулях информационной системы.", "activite": 5}}, {"model": "service.competetion", "pk": 36, "fields": {"cod": "5.6", "typecompetetion": 2, "description": "Разрабатывать техническую документацию на эксплуатацию информационной системы.", "activite": 5}}, {"model": "service.competetion", "pk": 37, "fields": {"cod": "5.7", "typecompetetion": 2, "description": "Производить оценку информационной системы для выявления возможности ее модернизации.", "activite": 5}}, {"model": "service.competetion", "pk": 38, "fields": {"cod": "6.1", "typecompetetion": 2, "description": "Разрабатывать техническое задание на сопровождение информационной системы", "activite": 6}}, {"model": "service.competetion", "pk": 39, "fields": {"cod": "6.2", "typecompetetion": 2, "description": "Выполнять исправление ошибок в программном коде информационной системы.", "activite": 6}}, {"model": "service.competetion", "pk": 40, "fields": {"cod": "6.3", "typecompetetion": 2, "description": "Разрабатывать обучающую документацию для пользователей информационной системы.", "activite": 6}}, {"model": "service.competetion", "pk": 41, "fields": {"cod": "6.4", "typecompetetion": 2, "description": "Оценивать качество и надежность функционирования информационной системы в соответствии с критериями технического задания.", "activite": 6}}, {"model": "service.competetion", "pk": 42, "fields": {"cod": "6.5", "typecompetetion": 2, "description": "Осуществлять техническое сопровождение, обновление и восстановление данных информационной системы в соответствии с техническим заданием.", "activite": 6}}, {"model": "service.competetion", "pk": 43, "fields": {"cod": "7.1", "typecompetetion": 2, "description": "Выявлять технические проблемы, возникающие в процессе эксплуатации баз данных и серверов.", "activite": 7}}, {"model": "service.competetion", "pk": 44, "fields": {"cod": "7.2", "typecompetetion": 2, "description": "Осуществлять администрирование отдельных компонент серверов.", "activite": 7}}, {"model": "service.competetion", "pk": 45, "fields": {"cod": "7.3", "typecompetetion": 2, "description": "Формировать требования к конфигурации локальных компьютерных сетей и серверного оборудования, необходимые для работы баз данных и серверов.", "activite": 7}}, {"model": "service.competetion", "pk": 46, "fields": {"cod": "7.4", "typecompetetion": 2, "description": "Осуществлять администрирование баз данных в рамках своей компетенции.", "activite": 7}}, {"model": "service.competetion", "pk": 47, "fields": {"cod": "7.5", "typecompetetion": 2, "description": "Проводить аудит систем безопасности баз данных и серверов с использованием регламентов по защите информации.", "activite": 7}}, {"model": "service.competetion", "pk": 48, "fields": {"cod": "8.1", "typecompetetion": 2, "description": "Разрабатывать дизайн-концепции веб-приложений в соответствии с корпоративным стилем заказчика.", "activite": 8}}, {"model": "service.competetion", "pk": 49, "fields": {"cod": "8.2", "typecompetetion": 2, "description": "Формировать требования к дизайну веб-приложений на основе анализа предметной области и целевой аудитории.", "activite": 8}}, {"model": "service.competetion", "pk": 50, "fields": {"cod": "8.3", "typecompetetion": 2, "description": "Осуществлять разработку дизайна веб-приложения с учетом современных тенденций в области веб-разработки.", "activite": 8}}, {"model": "service.competetion", "pk": 51, "fields": {"cod": "9.1", "typecompetetion": 2, "description": "Разрабатывать техническое задание на веб-приложение в соответствии с требованиями заказчика.", "activite": 9}}, {"model": "service.competetion", "pk": 52, "fields": {"cod": "9.2", "typecompetetion": 2, "description": "Разрабатывать веб-приложение в соответствии с техническим заданием.", "activite": 9}}, {"model": "service.competetion", "pk": 53, "fields": {"cod": "9.3", "typecompetetion": 2, "description": "Разрабатывать интерфейс пользователя веб-приложений в соответствии с техническим заданием.", "activite": 9}}, {"model": "service.competetion", "pk": 54, "fields": {"cod": "9.4", "typecompetetion": 2, "description": "Осуществлять техническое сопровождение и восстановление веб-приложений в соответствии с техническим заданием.", "activite": 9}}, {"model": "service.competetion", "pk": 55, "fields": {"cod": "9.5", "typecompetetion": 2, "description": "Производить тестирование разработанного веб-приложения.", "activite": 9}}, {"model": "service.competetion", "pk": 56, "fields": {"cod": "9.6", "typecompetetion": 2, "description": "Размещать веб-приложения в сети в соответствии с техническим заданием.", "activite": 9}}, {"model": "service.competetion", "pk": 57, "fields": {"cod": "9.7", "typecompetetion": 2, "description": "Осуществлять сбор статистической информации о работе веб-приложений для анализа эффективности его работы.", "activite": 9}}, {"model": "service.competetion", "pk": 58, "fields": {"cod": "9.8", "typecompetetion": 2, "description": "Осуществлять аудит безопасности веб-приложения в соответствии с регламентами по безопасности.", "activite": 9}}, {"model": "service.competetion", "pk": 59, "fields": {"cod": "9.9", "typecompetetion": 2, "description": "Модернизировать веб-приложение с учетом правил и норм подготовки информации для поисковых систем.", "activite": 9}}, {"model": "service.competetion", "pk": 60, "fields": {"cod": "9.10", "typecompetetion": 2, "description": "Реализовывать мероприятия по продвижению веб-приложений в информационно-телекоммуникационной сети \"Интернет\".", "activite": 9}}, {"model": "service.competetion", "pk": 61, "fields": {"cod": "10.1", "typecompetetion": 2, "description": "Обрабатывать статический и динамический информационный контент.", "activite": 10}}, {"model": "service.competetion", "pk": 62, "fields": {"cod": "10.2", "typecompetetion": 2, "description": "Разрабатывать технические документы для управления информационными ресурсами.", "activite": 10}}, {"model": "service.competetion", "pk": 63, "fields": {"cod": "11.1", "typecompetetion": 2, "description": "Осуществлять сбор, обработку и анализ информации для проектирования баз данных.", "activite": 11}}, {"model": "service.competetion", "pk": 64, "fields": {"cod": "11.2", "typecompetetion": 2, "description": "Проектировать базу данных на основе анализа предметной области.", "activite": 11}}, {"model": "service.competetion", "pk": 65, "fields": {"cod": "11.3", "typecompetetion": 2, "description": "Разрабатывать объекты базы данных в соответствии с результатами анализа предметной области.", "activite": 11}}, {"model": "service.competetion", "pk": 66, "fields": {"cod": "11.4", "typecompetetion": 2, "description": "Реализовывать базу данных в конкретной системе управления базами данных.", "activite": 11}}, {"model": "service.competetion", "pk": 67, "fields": {"cod": "11.5", "typecompetetion": 2, "description": "Администрировать базы данных.", "activite": 11}}, {"model": "service.competetion", "pk": 68, "fields": {"cod": "11.6", "typecompetetion": 2, "description": "Защищать информацию в базе данных с использованием технологии защиты информации.", "activite": 11}}]